model,feature_set,horizon,lookback,split_strategy,seed,n_predictions,validation_selected_threshold,validation_ba_threshold_0,validation_ba_selected,validation_mcc_selected,validation_actual_up_rate,validation_predicted_up_rate_selected,price_mae,price_rmse,price_r2,test_ba_threshold_0,test_ba_selected,test_mcc_selected,test_actual_up_rate,test_predicted_up_rate_selected,trend_direction_accuracy,trend_balanced_accuracy,trend_mcc,trend_threshold_0_direction_accuracy,trend_threshold_0_balanced_accuracy,trend_threshold_0_precision,trend_threshold_0_recall,trend_threshold_0_ap,trend_threshold_0_f1,trend_threshold_0_mcc,trend_threshold_0_tn,trend_threshold_0_fp,trend_threshold_0_fn,trend_threshold_0_tp,trend_threshold_0_predicted_up_rate,trend_threshold_0_constant_prediction,trend_selected_direction_accuracy,trend_selected_balanced_accuracy,trend_selected_precision,trend_selected_recall,trend_selected_ap,trend_selected_f1,trend_selected_mcc,trend_selected_tn,trend_selected_fp,trend_selected_fn,trend_selected_tp,trend_selected_predicted_up_rate,trend_selected_constant_prediction,economic_threshold_0_0bp_mean_cumulative_return,economic_threshold_0_0bp_median_cumulative_return,economic_threshold_0_0bp_worst_cumulative_return,economic_threshold_0_0bp_mean_annualized_return,economic_threshold_0_0bp_median_annualized_return,economic_threshold_0_0bp_worst_annualized_return,economic_threshold_0_0bp_mean_sharpe,economic_threshold_0_0bp_median_sharpe,economic_threshold_0_0bp_worst_sharpe,economic_threshold_0_0bp_mean_max_drawdown,economic_threshold_0_0bp_median_max_drawdown,economic_threshold_0_0bp_worst_max_drawdown,economic_threshold_0_2bp_mean_cumulative_return,economic_threshold_0_2bp_median_cumulative_return,economic_threshold_0_2bp_worst_cumulative_return,economic_threshold_0_2bp_mean_annualized_return,economic_threshold_0_2bp_median_annualized_return,economic_threshold_0_2bp_worst_annualized_return,economic_threshold_0_2bp_mean_sharpe,economic_threshold_0_2bp_median_sharpe,economic_threshold_0_2bp_worst_sharpe,economic_threshold_0_2bp_mean_max_drawdown,economic_threshold_0_2bp_median_max_drawdown,economic_threshold_0_2bp_worst_max_drawdown,economic_threshold_0_5bp_mean_cumulative_return,economic_threshold_0_5bp_median_cumulative_return,economic_threshold_0_5bp_worst_cumulative_return,economic_threshold_0_5bp_mean_annualized_return,economic_threshold_0_5bp_median_annualized_return,economic_threshold_0_5bp_worst_annualized_return,economic_threshold_0_5bp_mean_sharpe,economic_threshold_0_5bp_median_sharpe,economic_threshold_0_5bp_worst_sharpe,economic_threshold_0_5bp_mean_max_drawdown,economic_threshold_0_5bp_median_max_drawdown,economic_threshold_0_5bp_worst_max_drawdown,economic_threshold_0_10bp_mean_cumulative_return,economic_threshold_0_10bp_median_cumulative_return,economic_threshold_0_10bp_worst_cumulative_return,economic_threshold_0_10bp_mean_annualized_return,economic_threshold_0_10bp_median_annualized_return,economic_threshold_0_10bp_worst_annualized_return,economic_threshold_0_10bp_mean_sharpe,economic_threshold_0_10bp_median_sharpe,economic_threshold_0_10bp_worst_sharpe,economic_threshold_0_10bp_mean_max_drawdown,economic_threshold_0_10bp_median_max_drawdown,economic_threshold_0_10bp_worst_max_drawdown,economic_selected_0bp_mean_cumulative_return,economic_selected_0bp_median_cumulative_return,economic_selected_0bp_worst_cumulative_return,economic_selected_0bp_mean_annualized_return,economic_selected_0bp_median_annualized_return,economic_selected_0bp_worst_annualized_return,economic_selected_0bp_mean_sharpe,economic_selected_0bp_median_sharpe,economic_selected_0bp_worst_sharpe,economic_selected_0bp_mean_max_drawdown,economic_selected_0bp_median_max_drawdown,economic_selected_0bp_worst_max_drawdown,economic_selected_2bp_mean_cumulative_return,economic_selected_2bp_median_cumulative_return,economic_selected_2bp_worst_cumulative_return,economic_selected_2bp_mean_annualized_return,economic_selected_2bp_median_annualized_return,economic_selected_2bp_worst_annualized_return,economic_selected_2bp_mean_sharpe,economic_selected_2bp_median_sharpe,economic_selected_2bp_worst_sharpe,economic_selected_2bp_mean_max_drawdown,economic_selected_2bp_median_max_drawdown,economic_selected_2bp_worst_max_drawdown,economic_selected_5bp_mean_cumulative_return,economic_selected_5bp_median_cumulative_return,economic_selected_5bp_worst_cumulative_return,economic_selected_5bp_mean_annualized_return,economic_selected_5bp_median_annualized_return,economic_selected_5bp_worst_annualized_return,economic_selected_5bp_mean_sharpe,economic_selected_5bp_median_sharpe,economic_selected_5bp_worst_sharpe,economic_selected_5bp_mean_max_drawdown,economic_selected_5bp_median_max_drawdown,economic_selected_5bp_worst_max_drawdown,economic_selected_10bp_mean_cumulative_return,economic_selected_10bp_median_cumulative_return,economic_selected_10bp_worst_cumulative_return,economic_selected_10bp_mean_annualized_return,economic_selected_10bp_median_annualized_return,economic_selected_10bp_worst_annualized_return,economic_selected_10bp_mean_sharpe,economic_selected_10bp_median_sharpe,economic_selected_10bp_worst_sharpe,economic_selected_10bp_mean_max_drawdown,economic_selected_10bp_median_max_drawdown,economic_selected_10bp_worst_max_drawdown
raft,full_safe,5,5,chronological_712,1824.3333333333333,479.0,0.0033333333333333335,0.5369952436420112,0.5471753057658707,0.11647629983609152,0.4261603375527427,0.23628691983122363,43.35101259908257,53.1805768873381,0.5799044567310352,0.5809413094655386,0.5620148940633523,0.12718055399765876,0.47390396659707723,0.4516353514265832,0.5643702157272094,0.5620148940633523,0.12718055399765876,0.580375782881002,0.5809413094655386,0.5550070253498038,0.591776798825257,0.5542651660479093,0.5686009010159275,0.16399733088588078,143.66666666666666,108.33333333333333,92.66666666666667,134.33333333333334,0.5066109951287404,0.0,0.5643702157272094,0.5620148940633523,0.5417490880844223,0.5168869309838473,0.5542651660479093,0.5216613298658301,0.12718055399765876,153.0,99.0,109.66666666666667,117.33333333333333,0.4516353514265832,0.0,0.3260222625053996,0.340569726908535,0.2051834576236906,0.1594452466506869,0.16667837736068733,0.10304229446222964,1.4357652862965047,1.4727115711222274,0.9564081857650085,0.08673900242097184,0.08491622279701942,0.09678011100621257,0.3219385751901551,0.33655197113046115,0.20204283187630412,0.15757197968872969,0.16445087263779445,0.10152422472225801,1.4198388858029134,1.4566388625468658,0.942917747556863,0.08707267223084401,0.08529171033565845,0.0971444658257139,0.3158372313163103,0.33054667214464745,0.19734629705832743,0.15476756765080604,0.1616997435592289,0.0992505262743492,1.395928406948082,1.4306881044209536,0.9227038675987256,0.08757288977652965,0.08585465644521921,0.09770125113971502,0.30573247481295157,0.31938118714372127,0.18955700270792816,0.15010814611854387,0.15657534739446768,0.09547009652365619,1.356032165472919,1.3904157313184655,0.8890785137684826,0.08840582062152103,0.08679213994815689,0.09891925013341418,0.2955925469416821,0.30289147668764854,0.1851210145970851,0.14540355624034237,0.14893312762563501,0.0934112464422765,1.3152341400230798,1.321860195240999,0.8827734363292231,0.08989999410124606,0.08436867087922169,0.11465779215069742,0.2915790678937465,0.2981487944738746,0.1815947516618941,0.14353202220801423,0.14672854210740258,0.09167780854819767,1.2990875029621523,1.303316809451491,0.8672004801968373,0.09047252275711194,0.08461967205338634,0.11523394083062018,0.28558259625874816,0.29164923654980984,0.17632531182980285,0.14073023175181287,0.143704316322401,0.08908258253740553,1.274858212932668,1.275477690202991,0.8438703196758731,0.09133022574806804,0.08499612630946567,0.11610749381147571,0.27565146382491346,0.28156695582906927,0.16759585090044804,0.1360752389141812,0.13900310530560125,0.08477032255679877,1.2344614609963631,1.2320755240839967,0.8050735259206435,0.09275683009169927,0.08592610551980084,0.11785098318780274
raft,full_safe,5,10,chronological_712,1824.3333333333333,478.0,0.016666666666666666,0.5243137254901961,0.5363725490196078,0.11149526498161273,0.423728813559322,0.16807909604519775,45.170316101159536,55.186436390279546,0.5432713607978387,0.5673663642054396,0.5499090276193318,0.13106816872251548,0.47489539748953974,0.29707112970711297,0.5599721059972106,0.5499090276193318,0.13106816872251548,0.5655509065550907,0.5673663642054396,0.5396110493168358,0.6035242290748899,0.5853178649998952,0.5651446463327651,0.1373077438791265,133.33333333333334,117.66666666666667,90.0,137.0,0.5327754532775454,0.0,0.5599721059972106,0.5499090276193318,0.6464660593514172,0.34948604992657856,0.5853178649998952,0.3633997835413645,0.13106816872251548,188.33333333333334,62.666666666666664,147.66666666666666,79.33333333333333,0.29707112970711297,0.0,0.2963815579526137,0.2955234484685026,0.23372927832990942,0.14620279129066888,0.14595382318010755,0.11734658709235572,1.3247939679371123,1.3454224192050706,1.047410602310524,0.08817417385358857,0.08896564279399415,0.10199687955552912,0.29269868388957176,0.29197973830530793,0.23053134049282442,0.14448232275422812,0.1442964241868654,0.11581025302432886,1.3096702808018217,1.330259443670863,1.032916294496932,0.08848390131603295,0.08951725516611612,0.10236210437679538,0.28719319844072966,0.28668161378332213,0.22574952327609302,0.14190596608089132,0.14181435263023298,0.11350932011374508,1.2869856902720649,1.3075313006996845,1.011197172938559,0.08894816808190086,0.09034370424649625,0.10290948185556444,0.2780673725467849,0.27789771935351365,0.2172492874759441,0.13762360483952116,0.1376882845402124,0.10968392972737884,1.249189182808127,1.2697029793420993,0.9750656098563112,0.08972108203187384,0.09158645602557718,0.10382055288692475,0.25066857362527173,0.22032339954602964,0.1856245027033537,0.12379951901428178,0.1093879482499401,0.09304733364579043,1.1264253185723891,1.0294464802286087,0.8613663286837334,0.11247286863839212,0.11238415787021272,0.13093472474902346,0.2475840492509455,0.21754325218705298,0.18339089427350683,0.12235881857066684,0.10807077626227168,0.09198328155932341,1.1138698812596923,1.0174405570960228,0.852049941366173,0.1129058636166067,0.11280424635860564,0.1312865142713676,0.24297410568557484,0.21338755749436897,0.1800511519335377,0.12020164941731004,0.10609843616805585,0.09038968869913948,1.095032918343844,0.9994375026499202,0.8380683463656274,0.11355467113789176,0.11343370150411917,0.13181375820481533,0.23533554629078815,0.20649994585960485,0.1745132433088894,0.11661669264778064,0.10282029574338074,0.08774031455415399,1.0636352703215926,0.969455036635191,0.8145628873972806,0.11464696416662151,0.11448098895319392,0.13269132501913924
raft,full_safe,5,15,chronological_712,1824.3333333333333,477.0,0.016666666666666666,0.5262745098039215,0.547843137254902,0.13724824080011191,0.423728813559322,0.15819209039548024,49.93180743773271,59.58805996431284,0.462935847934329,0.5728252569750367,0.5665668135095449,0.14525166815810278,0.4758909853249476,0.3193570929419986,0.5751222921034241,0.5665668135095449,0.14525166815810278,0.5716282320055904,0.5728252569750367,0.5464581795570348,0.5976505139500734,0.6080173492868498,0.5679726999795747,0.14714823206079244,137.0,113.0,91.33333333333333,135.66666666666666,0.5213137665967854,0.0,0.5751222921034241,0.5665668135095449,0.5855474452554744,0.38913362701908955,0.6080173492868498,0.4620829714371548,0.14525166815810278,186.0,64.0,138.66666666666666,88.33333333333333,0.3193570929419986,0.0,0.331084249346914,0.3292769633420849,0.248615956722514,0.16260140388670372,0.16165241362511598,0.12491695908798521,1.4622812704050725,1.4806034437077924,1.1282194529421306,0.0826328674677854,0.08149216868594955,0.09245375506587909,0.327477475482785,0.3259974876384124,0.24503080728920792,0.16093584652058504,0.1601398549082856,0.12320103938373483,1.4478864263713058,1.4670206264187973,1.1134733431963142,0.08274446082911996,0.08168228514157731,0.09275822981305996,0.32208471568404407,0.3210922996425211,0.23967158732682706,0.1584414646270947,0.15787416395343187,0.12063156364190968,1.426274603608075,1.4466280336254487,1.091355181073166,0.08291181432643098,0.08196741177177551,0.09321480726361953,0.3131429966909392,0.3129542572244893,0.23078868228645857,0.15429468648053027,0.15410639184067718,0.11636082383420954,1.390211065955567,1.4125991077119853,1.0545024217390668,0.08325357813861307,0.08244249468012306,0.09397541068110493,0.319880694678413,0.3057736071714674,0.2614566976362061,0.15747444629150623,0.15145048556981533,0.13064654545834964,1.419791305811709,1.3628066322463983,1.1855316522052435,0.09074048945741302,0.09092898900175894,0.1112009949273252,0.31584760901469705,0.30186534675961346,0.258005392037389,0.1556065945644762,0.14962409595787207,0.1290107704850497,1.4040706213608851,1.3472120813410635,1.1713272629816176,0.091175732617354,0.09171125726575842,0.11167827700700143,0.3098205268044541,0.2960242048995189,0.25284615062240773,0.1528100018617348,0.14688945887862662,0.12656124641575298,1.380458439214544,1.3238007757920902,1.150019732202816,0.09182794570592485,0.09288258596425714,0.11239370639970514,0.29983522220927394,0.286345365484425,0.24429444257706856,0.14816280926931294,0.14234489439595044,0.12248971859438429,1.3410315661392722,1.2847395662256722,1.1145125344482005,0.09291323320360283,0.09482928513199751,0.11358477332419899
raft,full_safe,5,20,chronological_712,1824.3333333333333,476.0,0.02,0.5408039128059983,0.5538259099260142,0.14051257472029577,0.41702127659574467,0.1957446808510638,50.630857211202795,61.66550434008781,0.42125767822212534,0.5705582978020747,0.5491215965182316,0.11501846444514957,0.47689075630252103,0.2878151260504202,0.5588235294117646,0.5491215965182316,0.11501846444514957,0.5686274509803922,0.5705582978020747,0.543545743607186,0.6123348017621145,0.5779547155442483,0.5713156020023195,0.14386944289845263,131.66666666666666,117.33333333333333,88.0,139.0,0.538515406162465,0.0,0.5588235294117646,0.5491215965182316,0.5791469655164031,0.33920704845814975,0.5779547155442483,0.4109743049763585,0.11501846444514957,189.0,60.0,150.0,77.0,0.2878151260504202,0.0,0.30865087121377194,0.29884079029507155,0.23689507042217106,0.15252492751286378,0.14856156715075217,0.11934886165485392,1.375877330599385,1.3413532686646852,1.1136393229911195,0.08804450901638884,0.08827605195518191,0.09752903954613101,0.3051159100770741,0.2956106890887109,0.23349941264705976,0.15088011799057807,0.14704852766143883,0.11771825361585868,1.3615833781071334,1.3281400620149528,1.0998791654309115,0.08831868656770392,0.08846467377244109,0.09777551263860589,0.29983048195592416,0.2907797347479599,0.22842220670899568,0.14841679102776792,0.14478222330261933,0.11527620245801333,1.3401338623402843,1.3083151881751078,1.0792423294415958,0.08872985846754002,0.08874760649832932,0.09814517569442631,0.29106661981522747,0.282765864690625,0.2200034405797048,0.14432159322563917,0.1410137147937521,0.11121639456451622,1.3043697578226174,1.2752670782243682,1.0448356031408934,0.0894148932385595,0.0892191610414766,0.09876115656641375,0.2503429686064087,0.25682445316874697,0.16329678182397553,0.12509633132025913,0.12887660999638517,0.08344198769542303,1.14534776439462,1.136147449378068,0.8029653044400175,0.08961813333127387,0.08741037682378312,0.10364859230681862,0.24688704680298956,0.25356501315266217,0.1604153098590871,0.1234510992924161,0.1273220183902255,0.08201983123101127,1.1314926208913347,1.1248020125852227,0.7903672216775209,0.08997496284845967,0.08765756547253471,0.1040120087902104,0.2417202959171181,0.24869121908704975,0.15610593839995035,0.12098727695683235,0.12499375036589126,0.07988970541603213,1.110682441268528,1.107767337363687,0.7714611643190764,0.09051343855045911,0.08802830157807999,0.10455694967894731,0.2331545372075562,0.24060903742442177,0.14895775403005987,0.11689162102843553,0.12112293731906291,0.07634777200664426,1.07593307138361,1.07933684973606,0.73990561548404,0.09150370278876425,0.08864607010710386,0.10548854781909611
raft,full_safe,10,5,chronological_712,1824.3333333333333,473.0,0.016666666666666666,0.5244781248397189,0.5492126993896497,0.13240828692790033,0.41991341991341996,0.24531024531024528,51.80401813188146,65.78427150846399,0.331679454447062,0.6037129745515227,0.5585970558436141,0.12971004901889013,0.49682875264270615,0.34954193093727975,0.5595489781536293,0.5585970558436141,0.12971004901889013,0.6032417195207893,0.6037129745515227,0.587086070060208,0.6780141843971631,0.6196441456687879,0.6267499343108652,0.21238273662370255,126.0,112.0,75.66666666666667,159.33333333333334,0.5736434108527132,0.0,0.5595489781536293,0.5585970558436141,0.5951792797441969,0.4085106382978723,0.6196441456687879,0.46885923019689413,0.12971004901889013,168.66666666666666,69.33333333333333,139.0,96.0,0.34954193093727975,0.0,0.28792391207665463,0.2804224391283458,0.1732249631378573,0.14369544342791882,0.1406509472636187,0.08812891998481032,1.230641678524442,1.215708978225301,0.8050720175201836,0.08580562643514589,0.08465749126566179,0.10814572972911451,0.2854491128839976,0.2777645124704733,0.17079257081918575,0.14252470006096188,0.1393896469704106,0.08693423918459191,1.2211897267665366,1.2055186898090715,0.7957322707080544,0.08602527060562397,0.08475283552387165,0.10857677469529255,0.2817453757942385,0.27378730200493867,0.167152829097769,0.1407705146012836,0.13749991915511894,0.08514430231874696,1.2069995238801996,1.190228264385973,0.7817368091952499,0.08635463824369917,0.08489585191118643,0.10922305637928802,0.2755949800714473,0.26718435231507276,0.16111011275047535,0.13785201136348152,0.13435629214330966,0.08216662527156411,1.1833196507395158,1.1647345078194258,0.7584515170869911,0.08690332149007385,0.08523474341398407,0.11042373713458271,0.20467842342889586,0.20078390355515627,0.0943821724798813,0.10357220447288933,0.10210370135013884,0.04864659876454184,0.9071319765633937,0.8813335034717834,0.4618935413629907,0.10050274430920077,0.09435401247810755,0.14841235530867306,0.20210527001219444,0.19828030069509997,0.0919460197074186,0.10231985486375554,0.10088133228422662,0.04741733405487003,0.897000660238346,0.8717789184447134,0.45165953438930867,0.10103029216112584,0.09490288824801847,0.1490476044469903,0.19825576308476967,0.1945347526116149,0.08830168571517112,0.10044375304156795,0.09905012453834124,0.045575838170040406,0.8817976952411892,0.8570750070498842,0.43633361549307925,0.10182107401247964,0.09572550779428807,0.14999977452227584,0.19186708424899493,0.188318363921298,0.08224284293172161,0.09732336676321572,0.0959945298188483,0.04227344954505815,0.8564469489813762,0.8324782715249414,0.409969472181743,0.10314537394747829,0.09719522208016279,0.15170915611519764
raft,full_safe,10,10,chronological_712,1824.3333333333333,472.0,0.01,0.4972944555572652,0.5382110068215623,0.0819999644887124,0.41991341991341996,0.34054834054834054,54.7469538075786,68.01827363877375,0.2831332049184175,0.6062183918364904,0.6014902594487835,0.2043687954084994,0.49788135593220345,0.451271186440678,0.6016949152542372,0.6014902594487835,0.2043687954084994,0.6059322033898304,0.6062183918364904,0.5936840099461459,0.6737588652482268,0.6526485481605874,0.6266287609571192,0.2183358296215223,127.66666666666667,109.33333333333333,76.66666666666667,158.33333333333334,0.567090395480226,0.0,0.6016949152542372,0.6014902594487835,0.6107683467541007,0.5531914893617021,0.6526485481605874,0.5798427218744985,0.2043687954084994,154.0,83.0,105.0,130.0,0.451271186440678,0.0,0.3188768834270789,0.3192938692517678,0.2122913392967488,0.15854214176516232,0.1583776464852338,0.1074053081715974,1.3615552580876162,1.3366608772488597,0.9516870066774142,0.08273171831188765,0.08159887148230187,0.1031253216583032,0.31603267579997807,0.3167553427190176,0.2097637145704642,0.15720724254078094,0.15719234826801998,0.10617787240502485,1.3507880333775732,1.3272015392776686,0.9422489167714231,0.08291457905835443,0.08176067592945636,0.10330964280050385,0.3117772245270731,0.31295637977352814,0.20598128473862332,0.1552073860820659,0.15541590098102923,0.10433882569889967,1.3346187113738177,1.3130046288627715,0.9275388071963064,0.08320541172952871,0.08200335778240882,0.103586124513805,0.3047136737530797,0.30664824273571745,0.19970118567215014,0.15188092898854813,0.15236124123931782,0.10127935959576558,1.3076245933533739,1.2890160180654016,0.9019087578969577,0.08371010219913062,0.08240776135658329,0.10404692736930705,0.31611320379942515,0.297060847391493,0.20552521902400134,0.1574664694361727,0.147961888505454,0.10467433305973721,1.3489563571343044,1.2521755555463512,0.9420753975356396,0.07578111183943352,0.07477269518286578,0.10083869259667451,0.3132400992523637,0.2943732905218402,0.20303412189547335,0.15611677933936696,0.1466995107207438,0.10345574656192554,1.3381193594550833,1.2414469173922598,0.9314951445675207,0.07604595537720367,0.07512324727732222,0.10102274583823227,0.3089417912867194,0.2903518656012891,0.19930676148327983,0.1540948577747094,0.14480818888626543,0.10163007524965328,1.321844047308914,1.225354987098713,0.9156389710906626,0.07647628070944758,0.07564890491319316,0.10129882570056929,0.3018081056242174,0.2836758365101412,0.1931191766936602,0.1507319474896097,0.14166196407333032,0.09859317075009895,1.2946697305973867,1.1985413993659486,0.8892533719469675,0.0772333667844588,0.07667599152591459,0.1017589588044645
raft,full_safe,10,15,chronological_712,1824.3333333333333,471.0,0.03333333333333333,0.4849882438053898,0.537141823631243,0.13136676596264274,0.4217391304347826,0.16666666666666666,54.96408993419751,67.3208249377543,0.29887041553413,0.6108156028368795,0.5548833994470489,0.1785696981731326,0.49893842887473455,0.18329794762915783,0.5555555555555555,0.5548833994470489,0.1785696981731326,0.6107572540693559,0.6108156028368795,0.6041433541580015,0.6382978723404256,0.6776782051725269,0.6196869725456383,0.22285476100722543,137.66666666666666,98.33333333333333,85.0,150.0,0.527246992215145,0.0,0.5555555555555555,0.5548833994470489,0.8150728368119672,0.23829787234042554,0.6776782051725269,0.28454720958367424,0.1785696981731326,205.66666666666666,30.333333333333332,179.0,56.0,0.18329794762915783,0.0,0.356657358095727,0.3480194002065884,0.19274739588851938,0.1760749096177061,0.17356037791598553,0.09881266834944029,1.5059677678652321,1.4924881337867018,0.8954773478772043,0.08166918510796652,0.08317076946931702,0.10325353235131844,0.35364369046559446,0.3447899097542379,0.19057415438675265,0.1746805545149054,0.17205283754361536,0.09774268870790181,1.4946986046424413,1.4804965830469683,0.8861560401802482,0.08179388612731572,0.0832637382512423,0.10344091277860556,0.34913482743372076,0.3399590731029707,0.18732114131423297,0.1725916537632327,0.16979461956914807,0.09613933399959729,1.477775394416959,1.462492882643871,0.8721797283762417,0.08198090859553554,0.08340319142412994,0.10372198341953649,0.34165099333963495,0.3319432884881931,0.18191767039912357,0.1691171612136205,0.1660391573963873,0.09347137755960795,1.4495224737398706,1.4324477861327791,0.8489039617719764,0.08229253524000599,0.08360572758882423,0.10419043448775493,0.16846576496172724,0.1717931018429818,0.07992209143361095,0.08556732287041592,0.08762843763668182,0.041675188357015745,0.760438624155129,0.7854293130373544,0.42935925877487174,0.1051844703026293,0.10415836465597321,0.13336286223392577,0.1669095521089455,0.17011329613742732,0.0783841874572464,0.08480674016069406,0.0867698235911993,0.040885960925916086,0.7544474607992685,0.7787332567302458,0.42236985342987515,0.10532462439946651,0.10443102932629532,0.13342292803496816,0.1645793707233806,0.16759831499786237,0.07608150408211278,0.08366680106870943,0.0854830261526008,0.03970312643206175,0.7454461413742867,0.7686679842910248,0.4118840783913438,0.10553478188897923,0.10483986557862886,0.1335130267365322,0.16070674315805436,0.1634192541661166,0.07225480012938938,0.08176939339624652,0.08340334276586074,0.03773441754880014,0.7304066405012438,0.7518378612499257,0.39440548529126485,0.10588484805607164,0.10549094511745861,0.13366319123913953
raft,full_safe,10,20,chronological_712,1824.3333333333333,470.0,0.03666666666666667,0.46410533910533913,0.5429035250463822,0.1251616285691252,0.4260869565217391,0.19565217391304346,58.00520079776902,72.73557042643317,0.17942110756596155,0.6092198581560283,0.5645390070921986,0.14505078146774938,0.5,0.2333333333333333,0.5645390070921986,0.5645390070921986,0.14505078146774938,0.6092198581560284,0.6092198581560283,0.5958685473373356,0.6836879432624113,0.6522739924885806,0.634231974032969,0.22358623287717835,125.66666666666667,109.33333333333333,74.33333333333333,160.66666666666666,0.5744680851063829,0.0,0.5645390070921986,0.5645390070921986,0.6248320867141594,0.2978723404255319,0.6522739924885806,0.37160255186236374,0.14505078146774938,195.33333333333334,39.666666666666664,165.0,70.0,0.2333333333333333,0.0,0.34663029774622195,0.3491664728615402,0.22278981393351338,0.1723082094284382,0.17392312090831083,0.11361415190997219,1.4754342308309916,1.4313657530919075,1.0277623891137702,0.07950634425947141,0.07674383719632576,0.101697685919052,0.3442264704964159,0.3468171341314303,0.220897524666676,0.17119061697537377,0.17283107699287037,0.11269200380221507,1.466429340602368,1.4229818190025902,1.0189874911105326,0.07961392763071057,0.07687183463840225,0.10188476065747858,0.3406284178687334,0.34330024594862873,0.21806395203056064,0.16951594296444658,0.17119458942350485,0.1113098876359635,1.4529020231468668,1.4110493385229772,1.0058268446990017,0.0797753026875693,0.07706383080151713,0.10216537276511832,0.3346521099432054,0.3374577046770213,0.21335426847037642,0.1667293868011822,0.16847131459808448,0.10900930777120377,1.4303062986251074,1.3912867559007671,0.9838997535490296,0.0800442611156672,0.0773838244067085,0.10263305961118478,0.19052074363625005,0.17926009803277299,0.07517026345150683,0.0966401366848072,0.09174851081188613,0.039064814433457294,0.8505047096423746,0.8258258090306908,0.37171677889169924,0.09625677088080546,0.09620651827599264,0.12074030776004689,0.18848340858353682,0.17724689901874166,0.07346651287230206,0.09564603932011734,0.09075940800636824,0.03819315769331644,0.8423739558126466,0.8173774021030974,0.3644771263519722,0.09647198716073613,0.09636538713956866,0.12109707380872477,0.1854340603418676,0.174233480319429,0.07091623360378115,0.09415644942989743,0.08927724699178974,0.036886977775173434,0.8301725012923461,0.8047087626675166,0.3536259795989232,0.09679460722420809,0.0966036173889316,0.1216320402165418,0.1803695082265845,0.1692280815580275,0.06667998726956981,0.09167794434325034,0.08681095577571574,0.03471348775859336,0.8098250765513284,0.7836073837527276,0.33556482222331313,0.09733176292701036,0.09700047308170584,0.12252316391769454
raft,full_safe,15,5,chronological_712,1824.3333333333333,467.0,0.023333333333333334,0.5108421168203777,0.5967007026789636,0.20997496975893126,0.3893805309734513,0.3023598820058997,60.07037828007001,75.51264658120238,0.10788977757447223,0.646631791483113,0.6244921683798336,0.2632605988866544,0.48608137044967875,0.34047109207708787,0.6288365453247681,0.6244921683798336,0.2632605988866544,0.6438258386866523,0.646631791483113,0.609408370573772,0.7474302496328927,0.6875694242719773,0.670158263792077,0.30062650322143925,131.0,109.0,57.333333333333336,169.66666666666666,0.596716630977873,0.0,0.6288365453247681,0.6244921683798336,0.6690047118768265,0.46842878120411163,0.6875694242719773,0.5485991484808482,0.2632605988866544,187.33333333333334,52.666666666666664,120.66666666666667,106.33333333333333,0.34047109207708787,0.0,0.2822691239309233,0.27912052527083625,0.12156000023896156,0.14271228445010867,0.14117465189362402,0.06412580365102556,1.265011530534957,1.2626014506193062,0.6162511772685226,0.07746755800861148,0.07605691780994828,0.09850661615436895,0.2801727451284238,0.27699896534270557,0.11983141193958875,0.14170449111551384,0.14039190654811406,0.06323612036147663,1.256978284616076,1.2557304277793724,0.6083720233296439,0.07761925567664886,0.07612074759718235,0.0986935057825763,0.2770342804399563,0.27406188476590326,0.11724295088200565,0.14019421032541332,0.13921859428979907,0.06190267618053902,1.2449059567872764,1.2454007667198093,0.5965643274009926,0.07784755417195724,0.0762164922780334,0.09897384022488735,0.2718197413770552,0.26918069674034073,0.1129406160721808,0.13768082960529335,0.13726522099190466,0.05968314898992233,1.224727623474873,1.228124846917041,0.5769161364732142,0.07826792319892482,0.07646099562525939,0.09968151440079913,0.2692749866839907,0.2509117542380473,0.09422468707171583,0.1359183280698547,0.12731291607529105,0.04958478840936106,1.2032814550683104,1.1220464357116766,0.47139738999898734,0.07997590637872938,0.08357928505226186,0.1222068802813352,0.2667994539454394,0.24850675497326025,0.09179251991054309,0.13472640231826494,0.12630164572117128,0.04833288633930577,1.1938696549523036,1.1128391956566446,0.4609766826625335,0.08030559803208319,0.08395390393487508,0.12292846441590599,0.2630947349933268,0.24490710797761586,0.08815368361504805,0.13294053192362795,0.12468927546542401,0.04645742530601852,1.1797277979969252,1.0990005467095834,0.4453650182460038,0.08079985698751684,0.08451564051188683,0.12400996257551888,0.25694301742655584,0.2389285801817694,0.08211398177265157,0.12996945640668353,0.1218538325424603,0.04333802674129957,1.1560962780014286,1.0763737786379288,0.4193999461322713,0.08162287969777872,0.08545135694486443,0.12581011994866473
raft,full_safe,15,10,chronological_712,1824.3333333333333,466.0,0.016666666666666666,0.5037187569121876,0.5876465383764654,0.17813927005131272,0.39111111111111113,0.362962962962963,61.48680992245938,76.28458162586817,0.08577559066668043,0.6485355648535563,0.6325548817576908,0.2716978827148671,0.4871244635193133,0.39413447782546496,0.6351931330472103,0.6325548817576908,0.2716978827148671,0.648068669527897,0.6485355648535563,0.6349625760640432,0.6666666666666666,0.7157229744549553,0.6481287529674626,0.29922170930620373,150.66666666666666,88.33333333333333,75.66666666666667,151.33333333333334,0.5143061516452074,0.0,0.6351931330472103,0.6325548817576908,0.6551655816957248,0.5301027900146843,0.7157229744549553,0.5846379368108053,0.2716978827148671,175.66666666666666,63.333333333333336,106.66666666666667,120.33333333333333,0.39413447782546496,0.0,0.2977236721845694,0.30368112344860054,0.16975355070913287,0.15054667269881103,0.15247401489169432,0.08866331449268776,1.3288040026771093,1.3319640131829928,0.8081114111713336,0.07273187689415912,0.07209033798930009,0.09567896124948778,0.29567333058316475,0.30137679328943784,0.16826215009421563,0.14956688858065234,0.15137877134132136,0.08791143903924177,1.3208786781761972,1.3235509126185239,0.8011107108583865,0.07289333177805109,0.0721551994894557,0.09586910465319294,0.29260354903621555,0.2982753747847924,0.16602813024926366,0.14809852119972908,0.14975169497422813,0.08678433743579513,1.3089715053872242,1.3090665098275094,0.7906081517510622,0.0731354630789019,0.07225249173968895,0.09615431975875048,0.28750249317154514,0.2925873455443157,0.1623129673276297,0.14565472898983053,0.1474112471286825,0.08490773128341766,1.2890771996906898,1.2848688799344032,0.7731015707643034,0.07353887928351353,0.07241464549007814,0.09662967826801334,0.30006333693094045,0.3069588220162453,0.12371841705510948,0.15150525677863477,0.155825605929336,0.06521242440638304,1.3449964701228154,1.3448991663369265,0.6202628788511887,0.07252155269727799,0.06593090509516482,0.11142893923239483,0.29793825783661776,0.30463889962081253,0.12198410843996732,0.15048884731914727,0.15463441065474814,0.06432194976121293,1.336887365064953,1.335482732446711,0.61333405024814,0.07270130887683308,0.06618343622007154,0.11172649345156178,0.29475664515706684,0.30116665380491564,0.1193870833662251,0.14896561162255426,0.15284957485040293,0.06298731807467102,1.324697313483361,1.3213342958565384,0.6029451372512842,0.07297085456647284,0.06656208855989214,0.11217268887226943,0.2894699364091482,0.2953998877558124,0.11507051901798031,0.14643055795445306,0.14988006119792888,0.06076581045733387,1.304312458911497,1.2976929974251605,0.5856433487065154,0.07344938605786981,0.06719279099610305,0.11291598561000064
raft,full_safe,15,15,chronological_712,1824.3333333333333,465.0,0.03333333333333333,0.4603574575897775,0.5889237717558934,0.18992663998412215,0.3955555555555555,0.30074074074074075,63.8247505420996,80.01844050964174,-0.01185222335870654,0.648811066276731,0.6225521045422574,0.26970290410138337,0.4881720430107526,0.29892473118279567,0.6272401433691757,0.6225521045422574,0.26970290410138337,0.6473118279569893,0.648811066276731,0.6233537367648195,0.7121879588839941,0.706841921611041,0.6623891106167824,0.3025059832780798,139.33333333333334,98.66666666666667,65.33333333333333,161.66666666666666,0.5598566308243728,0.0,0.6272401433691757,0.6225521045422574,0.6977949226415484,0.4243759177679882,0.706841921611041,0.5245472926565811,0.26970290410138337,195.33333333333334,42.666666666666664,130.66666666666666,96.33333333333333,0.29892473118279567,0.0,0.3066197712516947,0.3070079719049564,0.17791511284600126,0.15501365247775914,0.1558944355366151,0.09240188823636412,1.366586182348586,1.3846290591473995,0.8496498257808122,0.07363546853957821,0.07400729283604668,0.0987058764725256,0.3047219801151361,0.3051709970596343,0.17607968996901077,0.15410880102193977,0.15501695273829807,0.09148485104216612,1.3591651363326875,1.3786758740653131,0.8428304629797035,0.07378527388290552,0.07427066197115624,0.09889919091642722,0.3018800596648831,0.302419939626114,0.17333177126701696,0.15275259454635381,0.15370171425007925,0.09011053982889099,1.3480147820710073,1.369730021948006,0.8326061382900022,0.07400995907271367,0.07446215133285838,0.09918916258227961,0.2971562094296359,0.2978465675080688,0.16876578079568402,0.15049510330186971,0.15151227669854558,0.08782333655932077,1.3293827547316883,1.354778778019251,0.8155797002648493,0.07438437353968393,0.07478130026902867,0.09967244869203369,0.26280548734431114,0.251297064607946,0.14575135758490187,0.13418692504731833,0.129092673439099,0.07647019506633172,1.1896106696790676,1.1582298958307125,0.6949400094252702,0.076133587716733,0.0748589807249596,0.10372401732374936,0.2608260046798236,0.24889422063892006,0.14429226963557204,0.13322574385833766,0.12791784827037733,0.07572899328097615,1.1818964918611214,1.1505436958913278,0.6894972381762253,0.07634659842605927,0.07492014460035896,0.10391217481845198,0.25786211201715864,0.24529779109556418,0.1421068820244192,0.1317852077134375,0.12615748634244617,0.07461795396789099,1.1703038558923007,1.1389915648176516,0.6813329870943008,0.07666602686277314,0.07501189041345808,0.10419441106050602,0.25293647680669945,0.23971193515146752,0.13847320469218846,0.12938760626022142,0.12341725592398352,0.07276825594515657,1.1509278919798236,1.119679188080392,0.667726683309635,0.07720072820454697,0.075214068663282,0.10470683291396925
raft,full_safe,15,20,chronological_712,1824.3333333333333,464.0,0.03666666666666667,0.4422111249826606,0.5825773338881953,0.17537178265382355,0.39732142857142855,0.3199404761904762,66.01795061774654,83.95175280990598,-0.10884323573830401,0.6393737182227675,0.5918945209638345,0.20205686916617657,0.4892241379310345,0.2952586206896552,0.5962643678160919,0.5918945209638345,0.20205686916617657,0.6379310344827586,0.6393737182227675,0.614351870263782,0.7063142437591776,0.6793911049725893,0.6558379944989016,0.28225482844398747,135.66666666666666,101.33333333333333,66.66666666666667,160.33333333333334,0.5639367816091955,0.0,0.5962643678160919,0.5918945209638345,0.6458532303923683,0.38913362701908955,0.6793911049725893,0.4816728074792591,0.20205686916617657,188.33333333333334,48.666666666666664,138.66666666666666,88.33333333333333,0.2952586206896552,0.0,0.2909419154207442,0.2930507283049557,0.18382386736855572,0.14821315381294606,0.1492331279761773,0.09654317507711367,1.3129502779058022,1.3389841457067222,0.8523361142584985,0.07133108014348105,0.06651850556184946,0.09726584973284069,0.2891380795892283,0.2915857689813781,0.18232229705094025,0.14734571820481548,0.14852908342495041,0.09578619272133378,1.3059859240222165,1.3327386170602267,0.8461151241734092,0.07147593943985532,0.06671804490972506,0.09746151565647121,0.2864367327307093,0.28939098394401647,0.18007302026604588,0.14604556232343716,0.14747358550917622,0.09465143386024621,1.2955183736823421,1.3233476005081772,0.8367782132218061,0.07169449437815266,0.06681378959057609,0.09775501454191704,0.28194621552073934,0.2856813254578893,0.17633242288288256,0.14388129374243988,0.14568812681499596,0.09276207386805324,1.2780181322262754,1.30763676243246,0.8212034381668682,0.07206693481673256,0.06697336405866124,0.09824417935099354,0.20604644978057796,0.20024333792819804,0.08325677052827778,0.10606848367315909,0.10371724920766139,0.04437331513314158,0.9521909748588904,0.9462385327382723,0.42684251883894886,0.08611945315742636,0.08483279392899667,0.1105243503943355,0.204182657356327,0.1985716264102407,0.08174857557261113,0.10514218668644554,0.10288344814223367,0.04357153901781974,0.9446883128362303,0.938058468042689,0.42000305923295067,0.08641977764884379,0.0850806749861686,0.11084557268076367,0.2013921878523722,0.19588347736414927,0.07948987560332783,0.10375399039418809,0.10153918290611481,0.0423697902008399,0.9334211837674818,0.9257724605234792,0.4097547437332818,0.08687004011450056,0.08545235520964989,0.11138620044548105,0.19675528926399485,0.19135319560121813,0.07556064194420187,0.10144365762521872,0.0992695305473023,0.040280801001218114,0.9146095540243128,0.9052558117071753,0.39270462807242906,0.08762604387414584,0.08607144540999205,0.11228652361078091
raft,full_safe,20,5,chronological_712,1824.3333333333333,461.0,0.04666666666666667,0.45773420479302834,0.6112563543936093,0.2651253479584654,0.3863636363636364,0.22424242424242424,68.11456190506418,85.72832495654951,-0.1566064968988822,0.5980580693815988,0.5667138009049774,0.1799760070328391,0.4793926247288503,0.15979754157628343,0.5806218365871295,0.5667138009049774,0.1799760070328391,0.5943600867678959,0.5980580693815988,0.5621460036298989,0.6877828054298644,0.6227303824159608,0.6171428049638314,0.20110626908334003,122.0,118.0,69.0,152.0,0.5856832971800433,0.0,0.5806218365871295,0.5667138009049774,0.6853605499438832,0.22926093514328807,0.6227303824159608,0.3378984195332639,0.1799760070328391,217.0,23.0,170.33333333333334,50.666666666666664,0.15979754157628343,0.0,0.23489574862079446,0.21955408561461243,0.09756297818378745,0.12091593950343434,0.11451454237549374,0.052260331179419195,1.1091768134162094,1.0583397426536183,0.5157339210088298,0.07130056528340124,0.06916567650849054,0.09573911154463004,0.23347150511924708,0.21813976409582417,0.09632548686733829,0.12021122804421012,0.11380486039305722,0.051608820135585175,1.1029747055985284,1.0519131128855184,0.5099354686453523,0.0714745171161703,0.069361222519934,0.09593052997298457,0.23133778515915696,0.2160209055888425,0.09447152876291172,0.11915475354771066,0.11274094035673814,0.050632101897772154,1.093663446593718,1.0426647738220403,0.5012336996579925,0.07173543997254013,0.06965454153709923,0.09621765761551626,0.22778862947842915,0.2125054984427809,0.09138766709574371,0.11739554249585067,0.11097391650665607,0.04900569968126526,1.0781244545280395,1.0272307594772088,0.4867211081733578,0.07217839689219364,0.07014340656570796,0.0966962036864022,0.14715973590241824,0.14489481789673977,-0.02709089830548143,0.07668718411269364,0.07672354509412649,-0.015425758599963238,0.7140791954685536,0.7217582206195998,-0.09299297495739019,0.1025495303419921,0.10501205192616171,0.14968196716277662,0.14577520979699474,0.14352758418417408,-0.028073957047822118,0.07598115852890852,0.07602357179426689,-0.01596783961993468,0.7083835047292023,0.7168494522102703,-0.09813400597379633,0.10272200469472888,0.10510410925871781,0.15003700179800913,0.1437013191651367,0.14147971061712597,-0.0295468687779874,0.0749228062011395,0.07497432686185786,-0.01678054830560997,0.6998193337332603,0.7094642054691326,-0.10584952356172572,0.1029907626991431,0.10523328172481206,0.15056941481523692,0.14025255113898502,0.13807451236822274,-0.03199725733564477,0.0731607139525836,0.07322749067424798,-0.01813396236925313,0.6854917274311504,0.6970972442047917,-0.11871824760239152,0.10344785587200513,0.10551665956517325,0.15145639934896238
raft,full_safe,20,10,chronological_712,1824.3333333333333,460.0,0.049999999999999996,0.4523024412819623,0.611708897373597,0.26326756455477757,0.39090909090909093,0.2515151515151515,67.8475483498272,85.86868431889381,-0.16193149797256234,0.6127845409164632,0.566570110503165,0.18183336424181995,0.48043478260869565,0.16159420289855073,0.5797101449275363,0.566570110503165,0.18183336424181995,0.610144927536232,0.6127845409164632,0.5815491571305524,0.6802413273001507,0.6387524266626584,0.6247833934344481,0.22935353001202788,130.33333333333334,108.66666666666667,70.66666666666667,150.33333333333334,0.5630434782608695,0.0,0.5797101449275363,0.566570110503165,0.6893900798160703,0.23076923076923075,0.6387524266626584,0.34552064279861283,0.18183336424181995,215.66666666666666,23.333333333333332,170.0,51.0,0.16159420289855073,0.0,0.26919076936006375,0.254061605137564,0.14057505253693017,0.13842098236379466,0.13182455575544036,0.07446132727048409,1.2755754994846267,1.234060755538063,0.7497933741949064,0.06696568923788777,0.06700031682969652,0.09573911154463004,0.26777646049077003,0.2525684929255667,0.13942765404281854,0.13772748082190314,0.1310842141474126,0.07386908152332776,1.2694398232532376,1.2278076313045678,0.7440184046787643,0.06712314645734914,0.06715962582943212,0.09593052997298457,0.2656575145522003,0.2503317957795978,0.13770828761764098,0.13668778572993542,0.1299743865147794,0.07298110146556828,1.2602236791615502,1.218420750236236,0.7353558561858881,0.06735932494887815,0.06739856589938677,0.09621765761551626,0.26213264202824266,0.24661187764736828,0.1348472891073821,0.1349564458502071,0.1281264987799987,0.07150217061376922,1.2448311485113441,1.202140019744947,0.7209193124940807,0.06775996587330389,0.06773328959378032,0.0966962036864022,0.14561238135965357,0.1297901440334578,-0.019510025905823698,0.07625123377438424,0.0690550230735772,-0.010792430752554575,0.704433212354425,0.6957857104650232,-0.04947856846276256,0.10219353804874692,0.10264866680255269,0.13911358720071965,0.14427606850107796,0.12858930186416032,-0.020755466426790048,0.07556570513528076,0.06843391576830586,-0.01148188479727467,0.6989340291101444,0.6905648930283376,-0.055737538048095246,0.10232764146967815,0.102710879853833,0.13940592602245158,0.1422742168018896,0.12679013952387688,-0.022621061963802907,0.07453803129096699,0.06750274419822981,-0.012515404350353624,0.6906674858380493,0.6827210546666782,-0.06511745766153273,0.10253108227788449,0.10280419943075358,0.13984416807725789,0.13894476681962006,0.12379713056983459,-0.025723557775417277,0.07282689160494009,0.06595209603438357,-0.014236173869897987,0.6768434839527245,0.6696153926421115,-0.08072656867336779,0.10290409157060844,0.10295973205895444,0.14057386217591525
raft,full_safe,20,15,chronological_712,1824.3333333333333,459.0,0.056666666666666664,0.4282044583768722,0.5856844305120167,0.2202055037927776,0.3972602739726027,0.19939117199391174,71.7133247666257,90.8525706778435,-0.2980462318771397,0.6201788407670761,0.5643180349062702,0.17358702140354698,0.48148148148148145,0.1655773420479303,0.5766158315177923,0.5643180349062702,0.17358702140354698,0.6172839506172839,0.6201788407670761,0.5859147228936071,0.6983408748114631,0.6458642901000347,0.6356337274586817,0.24478249581180855,129.0,109.0,66.66666666666667,154.33333333333334,0.5737109658678287,0.0,0.5766158315177923,0.5643180349062702,0.677959034681117,0.23227752639517343,0.6458642901000347,0.34442100702734785,0.17358702140354698,213.33333333333334,24.666666666666668,169.66666666666666,51.333333333333336,0.1655773420479303,0.0,0.2752237886035809,0.26968012504713157,0.15428736981727278,0.1422314066330851,0.13948662997604735,0.08170814343742805,1.3248308551056194,1.3004772177700958,0.7829680002563658,0.06696253450821428,0.06625727914763702,0.09573911154463004,0.27385770000073495,0.26824405447101557,0.15304139395138172,0.14155933823655542,0.13878074999470255,0.08106885447759023,1.3186659352235164,1.2945319457967732,0.7769046467942163,0.06713027981740555,0.06638757399073512,0.09593052997298457,0.2718108511323932,0.26609253502087443,0.15117449709004335,0.14055173957132172,0.13772250678797301,0.08011039194105884,1.3094083209569938,1.2856100939577786,0.7678180351402735,0.06738189278119243,0.06658301625538234,0.09621765761551626,0.26840551979074884,0.26251355719139113,0.14806850779219802,0.13887375178050929,0.13596030547985652,0.07851420970838115,1.2939530839728823,1.2707309474182438,0.7526972725964839,0.06781089335142727,0.06690875336312764,0.0966962036864022,0.15591970288170734,0.13211290243325854,0.02477621380924618,0.08206027414018346,0.07018634839967453,0.013324721052192437,0.753917737520367,0.6685605448781735,0.18554553321987566,0.09828022328725254,0.10034029425525837,0.13054408729159028,0.1546006149894926,0.13099355790750988,0.023476618618327876,0.0813815751532787,0.06960651582889232,0.012622192471713997,0.7484781561352757,0.6627419374732813,0.1787946633365073,0.09844772109652895,0.1004647626762103,0.13101452921960666,0.1526245129051443,0.12931631353533268,0.021529893948000534,0.08036412940528966,0.06873717318950912,0.011569069377843596,0.7403006460535028,0.6539991864916658,0.16865964454082427,0.09872097024404854,0.1006514411756144,0.13171979470751352,0.14933774502389222,0.12652562713387194,0.018292456871830082,0.07866999286214742,0.06728935164567051,0.009815649320168096,0.7266240634585407,0.6393391692281132,0.1517463522822153,0.09918889129325904,0.10099879019464214,0.13289417803340656
raft,full_safe,20,20,chronological_712,1824.3333333333333,458.0,0.049999999999999996,0.4129077029840389,0.5789382373351839,0.19250534753843862,0.4018264840182648,0.22374429223744294,71.85197367110287,91.54987751288377,-0.31955074625378566,0.6153909795011806,0.5373350898295054,0.09167082854519283,0.48253275109170307,0.2132459970887918,0.5473071324599709,0.5373350898295054,0.09167082854519283,0.6128093158660844,0.6153909795011806,0.5847535903250188,0.689291101055807,0.6143709668945351,0.631905073496087,0.2336547802884673,128.33333333333334,108.66666666666667,68.66666666666667,152.33333333333334,0.5698689956331878,0.0,0.5473071324599709,0.5373350898295054,0.5725876557519559,0.25188536953242835,0.6143709668945351,0.34314396998815266,0.09167082854519283,195.0,42.0,165.33333333333334,55.666666666666664,0.2132459970887918,0.0,0.26166749408964707,0.2534122125942163,0.1816401462174889,0.13561166646404718,0.13170673948713615,0.09518197605082983,1.2682445286150283,1.1927068516998574,0.8621019967451563,0.06696607315666385,0.0671693120472132,0.0943048471712491,0.26025738118059955,0.2519844637303417,0.18036907469622956,0.13491330397219872,0.13104009827768404,0.09453796267795278,1.2618838671665682,1.1869196334735401,0.8559570438961961,0.06712988312465955,0.06736225825493503,0.09449278432041797,0.2581447340804976,0.24984543682261218,0.17846457034580818,0.13386633005703336,0.13004063621343262,0.09357241506243123,1.2523317799871825,1.1788390123161943,0.8467386615296748,0.06737558577746057,0.0676516775665178,0.0947746900441712,0.25463037256592175,0.24628730634344095,0.17473743888696971,0.132122892371909,0.12837619828561078,0.09167123161741915,1.2363835753524404,1.165461984690998,0.8313733427273112,0.06779315594074269,0.06813404308582244,0.09524453291709307,0.12146043854804374,0.12032389871891347,-0.028635189767036384,0.06422376704265216,0.06416989982665948,-0.01594992831553214,0.6013755772529118,0.6185790371459953,-0.10500724748336669,0.10485704631779913,0.10272699762731863,0.15315803569049183,0.12005248536111823,0.11891405909306985,-0.029755014948445013,0.06349118868479604,0.06343671277187783,-0.01656849127757924,0.5952011156455915,0.6123921991578211,-0.11066215812385403,0.10516547603558657,0.10296847641221057,0.15362350551006268,0.11794368025183655,0.1168024003852473,-0.03143250433487399,0.06239309019578026,0.062337691603313004,-0.0174957631105835,0.5859289873774235,0.6031008946759319,-0.11913813120416021,0.10562785784580787,0.10333055845051654,0.1543780917777533,0.11443732193080235,0.11329122252959234,-0.034222333806674464,0.06056497530537417,0.06050801327337829,-0.019039690092183797,0.5704489424594071,0.5875873015389583,-0.13324655221664417,0.10640755484027568,0.10393366559879608,0.15582943106385347
