month,is_complete_period,available_at,source_status,strict_backtest_eligible,pca_001,pca_002,pca_003,pca_004,pca_005,pca_006,pca_007,pca_008,pca_009,pca_010,pca_011,pca_012,pca_013,pca_014,pca_015,pca_016,pca_017,pca_018,pca_019,pca_020,pca_021,pca_022,pca_023,pca_024,pca_025,pca_026,pca_027,pca_028,pca_029,pca_030,pca_031,pca_032
2016-06-01,False,,legacy_unknown_provenance,False,-0.31119314,0.003043382,-0.009078081,-0.097567715,-0.05666091,0.15025705,-0.10167521,0.012491171,-0.08045557,-0.08151358,0.08465382,0.002839918,-0.11342128,0.07721375,-0.04426815,-0.00691899,-0.049936958,0.028009437,0.087323956,-0.00449902,-0.06413399,0.104342066,0.023581302,-0.11204614,0.026118467,-0.012262188,-0.09053419,0.065577,0.028060503,0.09393792,0.020661918,0.019767553
2016-07-01,True,,legacy_unknown_provenance,False,-0.25021657,0.18833618,0.061926216,-0.04639072,-0.05318729,-0.03148188,-0.14355251,0.16591369,0.031935513,-0.028402885,-0.030687945,0.08868733,-0.008300114,0.010856832,0.1504111,-0.10995224,0.110121466,0.001298868,0.026247157,-0.013344721,0.046684068,0.09237553,-0.012656121,-0.12127442,-0.020039907,0.052237578,-0.0315688,-0.07604707,0.03393105,0.011785436,0.002910239,-0.003205066
2016-08-01,True,,legacy_unknown_provenance,False,0.28079277,0.045769002,0.3280864,-0.0634074,-0.017122652,-0.04311128,-0.09855624,0.008838132,0.14108805,0.10981648,-0.06796777,-0.001098074,-0.136114,0.05678811,-0.019087886,0.039572578,-0.023674106,-0.096240856,0.10325752,0.115613386,-0.008927414,0.05322695,-0.07792288,-0.05973487,-0.059914984,-0.086106986,-0.013612016,-0.000594526,0.019778905,-0.09761841,0.087708525,0.051052026
2016-09-01,True,,legacy_unknown_provenance,False,-0.031209683,0.024498718,0.4054787,0.05825117,-0.17639954,-0.035889156,0.034574073,-0.03262359,-0.06724404,0.00355811,0.06700669,-0.001204158,-0.010354835,0.10581338,-0.042395785,0.04210127,0.084583804,0.056866318,0.1589554,-0.053845223,-0.081055276,-0.027132235,0.002602934,0.032499116,0.059813257,0.037223164,-0.045444943,-0.087405324,0.00012304,0.027948821,-0.042544812,-0.06056774
2016-10-01,True,,legacy_unknown_provenance,False,0.089832395,0.10487232,0.22389609,-0.0813289,-0.20121168,-0.13799186,-0.110135935,-0.033635926,-0.12754175,0.070464134,-0.015532881,-0.002261716,0.011626412,-0.14931755,0.07680553,-0.21250753,-0.14451326,-0.06970679,-0.01264994,-0.08654075,-0.010809795,0.12787762,0.03972223,0.08503034,-0.059745815,0.07029392,-0.031158006,0.03019176,-0.011594695,-0.09060276,-0.052579932,-0.015361451
2016-11-01,True,,legacy_unknown_provenance,False,-0.2410214,0.075181894,0.012402159,-0.004791254,-0.10076425,-0.052463025,-0.04483742,-0.13034981,-0.123220064,-0.001748837,0.13983408,0.026995827,0.01686026,-0.2723339,-0.09355716,-0.16701181,0.08677321,-0.026487922,0.004194845,0.10724172,-0.08198089,0.07884733,-0.109531604,-0.06856595,-0.020871112,-0.05013902,0.06584649,0.08257318,0.029698709,0.03206068,0.015642405,-0.049053047
2016-12-01,True,,legacy_unknown_provenance,False,0.18995349,-0.10526013,0.39645568,0.011017999,-0.16697885,0.15742925,0.1295238,-0.04617759,-0.10606623,-0.11733384,0.007158941,0.056597438,0.004934905,0.11049135,0.030652713,-0.060988568,-0.083345845,0.06914172,-0.046803445,0.008848465,-0.04015014,0.06606394,0.04092779,0.08614699,-0.028521463,0.06347415,-0.04243809,0.061747428,0.046449605,-0.10877443,0.10382537,0.034150455
2017-01-01,True,,legacy_unknown_provenance,False,0.293151,-0.21560583,0.33387432,-0.072269075,-0.055922396,0.08572544,0.1408729,-0.04452799,0.13023454,-0.08369592,-0.10310452,-0.016199037,-0.083023205,-0.0251564,0.113034874,0.03904939,0.059417658,0.054271426,0.06304805,0.06409322,-0.09847319,-0.029657891,-0.019755881,-0.050857622,-0.032869365,0.06408844,-0.03010695,0.034610398,-0.025387868,0.022801504,-0.015407098,-0.000507787
2017-02-01,True,,legacy_unknown_provenance,False,-0.32489544,0.09338348,-0.09819547,-0.058127206,-0.12428399,0.12972797,0.14864707,0.0718906,0.080811925,-0.05739609,0.00048861,-0.06960213,0.14044046,-0.031036252,0.130027,-0.008320919,-0.024200018,0.0869489,0.08742133,0.003640218,0.074238405,-0.039900895,0.042137258,-0.00899469,-0.06981937,-0.04202013,0.0589671,0.062414303,-0.08552257,-0.070133634,-0.036998782,0.026978754
2017-03-01,True,,legacy_unknown_provenance,False,0.19305544,-0.1156224,0.32724378,0.003078878,0.015653709,-0.030549027,-0.08742354,-0.11965369,0.12734847,-0.072124824,-0.057610147,-0.029861355,0.08932125,0.057160374,0.04391028,-0.07423832,0.10543438,0.19963114,-0.12376291,0.027562624,-0.12707886,-0.1150047,-0.05617303,0.06312316,-0.045682717,-0.13020164,-0.036209065,0.054674257,0.008068392,-0.047798544,0.016767666,-0.058625005
2017-04-01,True,,legacy_unknown_provenance,False,-0.34835,0.16050498,0.016474186,0.009891691,0.12006353,0.002230875,0.046537347,-0.02943533,0.010341923,0.010683321,-0.048109822,0.20964007,0.06528199,-0.14004615,0.107197866,-0.062122628,-0.0166901,0.08499324,-0.031215113,-0.017662432,-0.051665254,-0.019847777,0.019160924,0.09194672,-0.06746234,-0.027574489,-0.02468831,0.02601399,0.019918356,0.04402769,0.040688667,0.043410525
2017-05-01,True,,legacy_unknown_provenance,False,-0.18958497,0.07187297,0.362873,0.011703361,0.11780329,0.14001757,0.0707906,0.09830932,0.17895085,0.032368865,0.032374874,0.031784564,0.083880864,0.000888207,0.072607525,0.062767304,-0.00262638,0.047993246,-0.04823844,0.03920979,-0.004702276,0.028875435,0.021221353,-0.010822715,-0.026571225,-0.027787574,-0.033614505,-0.009830738,-0.025180046,0.010280253,-0.029354934,0.049952824
2017-06-01,True,,legacy_unknown_provenance,False,-0.32428816,0.18919103,-0.021205682,-0.04911912,0.010754319,0.03425644,-0.18848783,0.06495541,-0.04676755,-0.25002524,0.13449955,0.061044376,0.03986004,0.071862295,-0.020769393,0.10370881,-0.023297742,0.11071494,0.021499306,0.003865819,-0.038051005,0.008642892,-0.03413557,-0.043052863,-0.03637164,-0.07819901,-0.023145277,0.17077562,-0.003376989,-0.025496699,0.06313434,0.1331039
2017-07-01,True,,legacy_unknown_provenance,False,-0.069150686,0.047922086,0.37962034,-0.01384595,-0.045885164,0.032976262,-0.031380314,0.1192733,0.15405709,-0.08214419,-0.07343651,0.19607365,0.053442862,0.077932,0.14920068,-0.04296759,0.05346685,0.06314347,-0.008135518,-0.017123677,0.04239797,-0.020257197,0.029278798,-0.066058606,-0.030212166,0.03004703,0.003605038,-0.06780918,0.024359481,0.016374342,-0.015302033,0.026759584
2017-08-01,True,,legacy_unknown_provenance,False,-0.15577765,-0.14523584,0.16851333,-0.023970705,-0.033322535,-0.11372486,-0.10970323,-0.005672492,0.1277562,0.007114288,-0.12977163,0.10899349,-0.006925783,-0.11667859,-0.06767806,-0.010347906,-0.05904172,-0.020696227,0.008737616,0.000384523,0.06385714,-0.007822586,-0.124759324,0.060365587,-0.07505919,-0.041690275,0.015245538,0.088227235,0.031163469,0.042702198,-0.05905677,0.08144294
2017-09-01,True,,legacy_unknown_provenance,False,-0.21613364,-0.01971616,0.35494328,0.07502547,-0.10350144,0.014979711,0.0239053,-0.034620225,0.11161223,0.03901352,0.058462232,0.054837972,0.03339181,0.091277115,0.06668444,0.009906647,0.027945966,0.08402375,0.101183236,-0.021894386,0.022712903,-0.049207427,0.059724804,0.034192406,-0.001621899,-0.01591303,-0.002634434,0.018246206,-0.001086185,-0.018945942,-0.06970238,-0.006638252
2017-10-01,True,,legacy_unknown_provenance,False,-0.3536301,0.06864184,-0.026168363,0.014999813,-0.19194192,-0.07631674,0.12802054,0.16281065,0.098434635,-0.13476373,0.03930758,0.018569645,0.047168963,0.027119322,0.13753551,-0.027523564,-0.07744174,0.008957915,-0.05378995,-0.012469092,0.02482742,0.010910755,-0.052876715,0.11599312,-0.05108564,0.027816495,-0.016548388,-0.018888026,0.02180429,-0.023779776,0.03014196,-0.005384574
2017-11-01,True,,legacy_unknown_provenance,False,0.18902503,-0.10747411,0.30195254,0.040492013,-0.1865414,0.014630993,0.076540634,-0.08346645,-0.028649352,-0.04812916,0.25452548,0.154843,0.017319422,-0.1557041,-0.10417649,-0.018013062,0.01217122,0.11275613,-0.15372719,0.052448478,0.052071307,-0.12778784,-0.09430223,-0.066540375,-0.0232545,-0.08024031,0.11619762,-0.015229331,0.07663318,0.021433348,-0.016519068,0.05477123
2017-12-01,True,,legacy_unknown_provenance,False,0.1896272,0.20346475,0.008203527,-0.095279336,-0.2301312,-0.076567635,0.06683025,0.28636873,-0.008967765,-0.06593667,-0.21756382,-0.061684284,-0.01703034,-0.039504237,0.024056386,-0.07966899,-0.005312098,0.111909874,0.030490018,-0.03935254,-0.0699563,-0.009791159,-0.04173616,0.056900032,-0.13795015,-0.03066168,-0.053318556,0.046205793,-0.052710723,-0.021695413,-0.040231057,0.056810368
2018-01-01,True,,legacy_unknown_provenance,False,-0.37544698,0.08845784,-0.055689022,0.025527393,-0.15251,0.07607591,0.047738165,-0.04870895,0.14807016,0.026138423,-0.022235189,-0.06638634,-0.03853848,-0.13586767,0.039232194,0.017940704,-0.002993764,-0.06858162,0.09039038,-0.016998885,-0.048070848,0.007710757,0.029481785,0.08329437,0.036429737,0.01566098,0.11792137,-0.031685483,0.050484974,0.03266249,-0.05439918,-0.03444464
2018-02-01,True,,legacy_unknown_provenance,False,0.18004517,0.055495307,-0.28431886,-0.17996079,-0.26934358,0.42045066,-0.15588675,-0.007260907,0.003506294,0.28230825,0.015862444,0.040108837,-0.039230164,0.013226978,0.054916233,0.11419163,0.03035381,-0.047408745,-0.098207496,-0.058621947,0.015702551,-0.077395305,-0.045934405,0.05841156,-0.07265911,-0.01033997,0.037982374,0.001057108,0.015545507,0.056749713,0.03448211,-0.002755486
2018-03-01,True,,legacy_unknown_provenance,False,0.08411853,-0.33784536,-0.19984873,-0.19550811,-0.005971594,0.06827046,-0.07811245,-0.14339715,0.2095316,-0.02493109,-0.04611348,-0.07114702,-0.07074488,0.08743773,-0.17731176,-0.12490483,0.04710259,0.083062194,-0.030955069,-0.09327145,-0.05908501,0.062127173,-0.016038917,0.022336517,-0.013272323,-0.005048842,0.024047056,-0.04608424,0.003325181,-0.04196435,0.005627122,-0.08612938
2018-04-01,True,,legacy_unknown_provenance,False,-0.3063552,-0.169817,-0.040985666,-0.023829512,0.12749502,0.002566207,-0.04048904,-0.025908897,0.014515055,0.10030222,-0.12886354,0.12991229,-0.12372635,-0.017834382,-0.10614634,0.040367324,-0.064137906,0.07413326,0.032911982,-0.029109346,0.022674114,-0.06487668,-0.061929047,-0.003198578,-0.03239169,-0.04080203,0.02108732,-0.10673422,-0.04375594,-0.031518884,0.11311211,0.013761105
2018-05-01,True,,legacy_unknown_provenance,False,-0.16300447,-0.20923485,0.17169902,-0.029057495,0.16829738,0.1117013,0.077434026,0.102123536,0.12584862,0.1207515,-0.004199501,-0.03912979,0.016859895,0.006987706,-0.08166708,0.053832445,-0.027850782,-0.010435676,-0.014136784,-0.025344165,-0.049975693,0.07578384,-0.036053263,0.02561102,-0.0342118,0.02676887,0.001186783,-0.0786708,0.008275159,0.012638484,-0.004283967,-0.020898726
2018-06-01,True,,legacy_unknown_provenance,False,-0.3555381,-0.09887036,-0.02788349,-0.072902985,0.009056876,0.08561602,-0.10470891,0.11057654,-0.002813097,-0.09222305,0.054421116,-0.09922599,-0.1450102,0.03219661,-0.17950764,0.08028553,-0.09114499,0.010372727,0.024167813,-0.06880359,-0.019930046,0.020670414,-0.018242033,0.030622218,-0.03260989,-0.01477594,0.00754957,0.02541743,0.014645123,0.006277014,0.032512784,-0.035129458
2018-07-01,True,,legacy_unknown_provenance,False,-0.3328466,-0.16742527,-0.024926813,-0.040276777,0.015304461,-0.004420043,-0.14725435,0.12876861,0.1251152,-0.08089695,-0.051074304,0.0722309,-0.09393412,0.053757902,-0.042307593,-0.0402771,0.061556455,0.031655602,-0.038917597,-0.069723435,-0.060275666,-0.04351491,0.0351861,-0.04418034,-0.066513024,-0.05461999,0.114176646,-0.03958587,-0.029720088,0.004119183,0.02550839,-0.09469911
2018-08-01,True,,legacy_unknown_provenance,False,0.23495373,-0.07558913,0.23108912,0.13551684,0.001132107,0.061006807,-0.14143215,-0.041487113,0.1726702,0.08496544,-0.10009431,0.07647467,-0.009313856,-0.007657755,-0.19525737,0.062606655,-0.08391822,-0.090628244,-0.056153875,-0.023053324,0.066276,0.052681047,0.07881093,0.0410346,-0.0460437,-0.022820808,0.12863724,0.025702033,-0.045782585,0.11191509,0.09702361,-0.025494384
2018-09-01,True,,legacy_unknown_provenance,False,-0.28691548,-0.118343316,-0.06393944,0.029436266,-0.039653577,-0.08230738,-0.10650002,0.04358731,0.101703875,0.14182584,0.05977592,0.05896547,-0.027289098,0.05081554,-0.09388139,0.007173825,-0.03040401,0.001883144,-0.001923624,-0.10579766,-0.07346051,-0.027183922,0.09555215,0.02056579,-0.03330058,-0.009259242,0.03488177,0.00855064,0.011089024,0.005757555,0.004947651,-0.11566554
2018-10-01,True,,legacy_unknown_provenance,False,0.11395572,-0.024328962,0.42398003,0.052984625,-0.19200578,-0.019874705,0.02220907,0.014804114,0.076232955,0.091571316,0.016764564,0.009122076,-0.048616394,0.04090623,0.011448491,-0.004197843,-0.13863015,0.095949166,-0.09792798,-0.084594406,0.02706912,0.030772122,0.025854493,-0.009402809,-0.008252627,0.027024353,-0.019035958,-0.024667684,-0.020722294,-0.027514553,0.025974303,-0.13259764
2018-11-01,True,,legacy_unknown_provenance,False,0.27729395,0.007179322,-0.1329444,0.49457467,-0.109104656,-0.015926914,0.09800704,0.013979349,0.05352171,-0.005454078,0.032262526,-0.015637957,-0.12597778,-0.14281039,0.01677257,0.017214155,-0.027802391,-0.008266883,-0.04123373,-0.12025982,0.05530732,0.13121368,0.006362549,-0.013337514,-0.028437454,-0.059489682,0.032498185,-0.018553806,0.003981138,0.0846213,0.090694055,-0.033524167
2018-12-01,True,,legacy_unknown_provenance,False,0.12638791,-0.3095633,-0.22638926,-0.12804344,-0.06262775,0.102402814,0.0160237,0.085940115,0.10276769,0.015820503,0.005096542,0.004692888,-0.07141197,-0.034232985,-0.09815269,0.025884518,-0.13548133,0.0983876,0.07459411,-0.065605514,-0.17113486,0.03562279,0.031411458,-0.029904172,-0.043714423,0.119587705,0.20583594,-0.09211127,0.06631943,-0.011769847,0.012725267,0.082338385
2019-01-01,True,,legacy_unknown_provenance,False,0.15789305,-0.21245727,-0.076241374,0.40745074,0.119043976,0.06437379,-0.058805488,0.011760864,-0.027151577,-0.002701816,0.008219249,-0.045380883,-0.025535243,-0.001107076,0.032664638,0.032534365,0.112236805,0.026943449,0.08151852,-0.089030534,-0.07411828,0.058931656,-0.03754856,-0.010576875,0.001389346,0.09235446,0.05044559,-0.024073776,0.027502708,-0.055492975,-0.07172859,0.08450568
2019-02-01,True,,legacy_unknown_provenance,False,0.17949688,0.05828265,-0.2893586,-0.14633612,-0.25962397,0.36263037,-0.14127587,-0.04787315,-0.031264402,0.27989563,0.11555246,0.042877052,-0.026056008,0.03970789,0.14431079,0.109241426,0.09325149,-0.051192,-0.060374383,-0.043469746,-0.032813147,-0.114754185,-0.032070298,0.079030484,0.019596169,0.028383002,-0.05988933,0.025484327,-0.012615805,0.009883839,-0.058300957,0.016803546
2019-03-01,True,,legacy_unknown_provenance,False,-0.18590437,0.08727761,-0.09802195,0.41634652,0.012113264,0.067879714,-0.09475741,-0.07286524,0.07265215,0.016765587,-0.033304587,-0.107536785,0.03453087,0.08805341,-0.018386934,-0.06088589,0.11024564,0.002124474,-0.005701986,-0.023569798,0.022279741,0.033617627,0.000872697,0.03186496,0.004887765,0.021379564,-0.026293961,0.03328986,0.016251985,0.008767585,-0.050478715,0.0156591
2019-04-01,True,,legacy_unknown_provenance,False,0.20663255,0.07790306,-0.2119191,0.50619644,0.091425106,0.081694454,0.06831108,-0.17435133,0.012501087,-0.018579463,-0.10823324,0.05841661,-0.091317944,0.03676278,0.038523063,0.022776578,0.039018787,0.060588904,0.031920183,-0.111396074,-0.042777833,0.052070186,-0.048018742,0.0654854,0.04585066,0.022319285,-0.07640583,-0.027292507,-0.006725416,0.01833804,0.006331865,0.009037264
2019-05-01,True,,legacy_unknown_provenance,False,-0.13485985,-0.06287265,-0.04135797,0.28366318,0.28915566,0.03754277,0.007490797,0.04236208,0.049596414,0.071796864,0.05714559,-0.04866668,0.038436938,-0.034742318,0.006828036,0.051995467,-0.029251412,-0.007945046,0.003053296,-0.012577238,-0.024535816,-0.023526885,-0.023423256,0.002002733,-0.03191841,0.030355414,-0.07227612,0.02672058,-0.048286214,-0.047797374,-0.014716414,-0.022822874
2019-06-01,True,,legacy_unknown_provenance,False,-0.40696946,0.11949369,-0.02126714,0.02242369,-0.048084512,0.06783702,-0.13298674,0.020268911,-0.002838553,-0.14864056,0.18163718,-0.0571599,-0.09520747,0.09428011,-0.06463152,0.036595736,-0.020004798,0.05680619,0.041429855,-0.061662797,-0.047993567,0.010450311,0.011507647,-0.012889846,0.071424924,0.002963312,-0.07610319,-0.008067718,0.020315582,0.05077013,-0.054623317,-0.003116435
2019-07-01,True,,legacy_unknown_provenance,False,0.14111063,-0.07584408,-0.057069506,0.2908207,0.08050187,-0.004397461,-0.17150551,0.14924195,0.024713816,-0.067564115,0.03914184,0.093148984,0.016931867,0.069227345,0.003322227,0.005692681,0.021931577,0.039049666,0.062502995,-0.051612727,-0.06994924,0.019306421,0.00480367,-0.047136296,0.028865451,0.075482994,0.08093291,0.001272339,-0.04015544,0.014385089,-0.028612783,0.04035286
2019-08-01,True,,legacy_unknown_provenance,False,-0.17652667,0.20573474,0.000456513,0.013328684,-0.094691835,-0.07944182,-0.09056923,0.10464339,0.16445692,0.13725086,-0.047512233,-0.012790601,-0.002944748,-0.000464241,-0.1906086,0.01511291,0.016822305,0.013381973,-0.061316885,0.05722085,-0.024483766,0.012325636,0.027152048,-0.012068921,0.09660852,0.003833843,-0.13113146,0.010583174,-0.14688984,0.026629608,-0.11163109,0.043849535
2019-09-01,True,,legacy_unknown_provenance,False,0.20830831,0.16465358,-0.086914934,0.4573545,0.03471837,-0.10712298,-0.09436922,0.047157623,0.031845298,0.13470404,0.06768217,0.007420316,-0.08015982,0.026770854,0.018063426,0.022729285,0.1194004,-0.022882447,0.08002567,-0.006934995,-0.03277231,0.08805842,0.009968225,0.032196708,0.056007057,-0.019019734,-0.003968791,0.04045834,0.011196306,-0.043571647,0.034249585,-1.9e-05
2019-10-01,True,,legacy_unknown_provenance,False,-0.2872108,-0.20579304,-0.029886454,0.025580442,-0.117591046,-0.1345496,0.02587473,0.11842428,-0.014710262,0.06939243,0.127809,-0.074226156,-0.10496962,0.006869733,0.06677316,0.011737101,0.042121783,-0.010346377,-0.047071263,-0.015109178,-0.03030584,0.054846816,0.003163665,0.06833987,0.044422034,0.0950068,-0.024807874,-0.05297635,0.029589444,-0.0633009,-0.067780524,0.018852223
2019-11-01,True,,legacy_unknown_provenance,False,0.29138085,0.025592187,-0.16527098,0.50897944,-0.10446842,-0.055504173,0.090504296,0.0111014,0.05553763,-0.10947965,0.13772461,0.04841397,-0.082872935,-0.09703903,0.074540116,-0.058082514,0.04265386,-0.006581096,0.0152187,-0.03453388,0.042823583,0.015713546,0.021540947,0.006800043,0.02982065,-0.049402803,-0.06671254,0.007274868,-0.030565405,0.024565946,-0.02096783,-0.036790222
2019-12-01,True,,legacy_unknown_provenance,False,0.30296758,0.053055327,-0.18445951,0.5143335,-0.060309768,0.023402316,0.087157145,-0.023803057,0.016810877,-0.05525671,0.06565644,-0.014405386,-0.06415375,-0.007145637,0.08657737,-0.028155668,-0.040735338,0.023238968,0.038568452,-0.029505782,0.020322891,0.01690472,-0.05663781,0.023568131,0.012789526,-0.01555282,-0.048935868,0.003374055,-0.019926408,-0.016348768,-0.053295005,0.000976322
2020-01-01,True,,legacy_unknown_provenance,False,0.30880222,0.07873479,-0.20194618,0.46550936,-0.07419538,0.07766792,0.040263593,-0.04249771,0.063467346,-0.12150958,-0.0545628,-0.013510262,-0.04786438,-0.05274274,-0.05355111,-0.018318204,-0.073550254,-0.05998064,0.021739151,0.077014424,0.075437285,-0.0759638,0.000938119,-0.009384662,-0.095525615,-0.038656265,-0.011548134,-0.000865559,0.034233946,-0.016573573,-0.09932597,0.020557202
2020-02-01,True,,legacy_unknown_provenance,False,0.21259552,0.052657217,-0.15314326,0.3252589,0.074140124,0.07893857,-0.14094065,-0.048538823,-0.11083815,0.028529968,-0.004334197,0.024437346,0.14562513,-0.039093167,-0.00297575,-0.008397621,-0.11947577,-0.07722624,-0.04499983,0.10675612,-0.04764301,-0.050164513,0.034449477,-0.05453847,-0.053292584,0.05613689,0.043675315,0.026118893,-0.029895507,-0.028688168,-0.028444244,-0.045655895
2020-03-01,True,,legacy_unknown_provenance,False,-0.35761508,0.10297588,-0.1132506,-0.000744095,-0.114518456,0.050520845,0.010119843,-0.15540409,0.13011575,-0.08762688,-0.03836726,-0.14279857,0.07384431,0.09620977,-0.018277692,-0.021159714,-0.005402445,-0.012924393,-0.013319629,0.11784704,-0.030157823,-0.07514213,0.0882161,-0.016784046,-0.00186638,-0.005182306,0.010679014,-0.053709738,0.056615088,-0.01978826,-0.051919386,-0.020737404
2020-04-01,True,,legacy_unknown_provenance,False,-0.43093887,0.13894224,-0.11239677,0.01762908,-0.014474005,0.09925462,0.12916158,-0.10092415,0.04758238,-0.015015652,-0.052020438,0.037057433,-0.08246221,-0.035371285,0.017902048,0.0759124,-0.048751686,0.06735193,-0.025927518,0.052732706,0.020596575,-0.1011042,0.005717517,0.026631737,0.06846867,0.016966728,-0.047304608,-0.107566714,0.045788627,-0.02958928,0.023110308,0.05915299
2020-05-01,True,,legacy_unknown_provenance,False,-0.34593484,-0.109488055,0.0482655,-0.002835129,0.18454811,0.085366674,0.005639478,0.13662286,0.083448105,0.07768153,0.08551718,-0.070302494,0.07460627,-0.036034267,-0.026225654,0.092804946,-0.041541055,-0.06795393,-0.016135577,0.03891036,0.002695306,-0.043932784,0.013616512,-0.04179358,-0.02695018,-0.051338974,-0.034991845,-0.07786042,0.021917205,-0.033257782,-0.08006279,-0.004504157
2020-06-01,True,,legacy_unknown_provenance,False,-0.17641078,0.11622147,-0.07321422,0.3916099,0.06555914,0.11004334,-0.072380826,0.033378962,-0.037575554,-0.11556731,0.0922157,-0.015899513,-0.055601567,0.013032708,-0.062059175,0.001341017,-0.112012684,-0.000770829,-0.018599477,0.0681527,0.05596608,-0.077566795,0.019008946,-0.068779245,-0.013343096,-0.048878025,-0.026884818,-0.028470926,0.020509465,0.03214592,-0.012255833,-0.026030743
2020-07-01,True,,legacy_unknown_provenance,False,-0.2157759,-0.029628865,-0.064740546,0.29068318,0.030700667,0.021410013,-0.14096093,0.15411249,0.021924956,-0.16121477,0.026447967,0.07811863,0.025505291,0.07213862,0.044780243,-0.012741705,-0.027761808,-0.039211452,-0.03978816,0.038617082,0.040605918,-0.11162627,0.047980275,-0.050399985,-0.06586446,0.012191228,0.04500041,-0.025748901,-0.005173979,0.002979633,-0.002383455,-0.013503791
2020-08-01,True,,legacy_unknown_provenance,False,-0.20805727,0.19227882,0.018951306,-0.04196321,-0.13529874,-0.069560945,-0.123943865,0.08094601,0.034196094,0.05709558,-0.0461337,-0.016340418,-0.022898924,-0.102070495,-0.14337839,-0.024527848,-0.06434215,-0.11779992,-0.05422592,0.094993874,0.017467868,-0.071276434,0.11549707,0.014829026,0.12796542,-0.00301163,-0.025735674,-0.022507377,0.001729958,0.045229882,-0.023492863,0.07508013
2020-09-01,True,,legacy_unknown_provenance,False,0.27205536,0.13226405,0.041142654,0.2502142,0.025317788,-0.031477485,-0.10912737,-0.000752736,0.060940843,0.080524236,0.081170514,0.054827422,0.015178361,0.053764958,-0.10002092,-0.06189027,0.011964939,0.023419585,-0.07267839,0.15636547,-0.0866111,-0.025377488,0.13649653,-0.040981576,0.051350802,0.09747484,0.005772078,0.02257973,-0.080721825,-0.033405073,0.045168564,0.012504537
2020-10-01,True,,legacy_unknown_provenance,False,0.19486333,0.2385308,0.014417017,-0.115994535,-0.12420661,-0.13688469,-0.022640347,-0.031483587,0.08485013,-0.0186684,0.013933097,-0.062297788,0.071935974,-0.17408796,0.046077583,-0.070971735,-0.2082884,-0.0818865,-0.11261656,-0.009545829,-0.03620537,-0.13097082,0.048779447,-0.032730233,0.12359643,0.1330664,-0.07131214,-0.15171985,0.07581238,-0.038373128,0.025328444,-0.005476527
2020-11-01,True,,legacy_unknown_provenance,False,0.15750754,-0.35531452,-0.102861464,-0.047645476,-0.18852106,-0.24058515,0.13244481,0.12066777,-0.07021253,-0.1278383,0.0624854,0.03496413,-0.20791318,-0.119276896,-0.010299183,0.062055744,0.09281694,-0.102665715,-0.13190943,0.042719707,-0.06279652,-0.06473125,0.08038863,-0.053072702,-0.04303136,-0.05156009,-0.04063543,-0.0186398,-0.000651818,0.000706153,0.025385799,-0.024736062
2020-12-01,True,,legacy_unknown_provenance,False,0.19537371,-0.19619153,-0.063921966,0.28154865,0.030071592,-0.032711968,0.029558022,0.14405242,-0.2043013,-0.07111033,-0.020340014,-0.06340049,0.012098399,0.008477809,-0.09565777,0.006071464,-0.057675026,-0.07149027,-0.101924084,0.098539405,-0.030983677,-0.073977314,0.04185066,0.03714046,-0.085807174,-0.012583401,0.040049337,-0.024575813,0.062256582,-0.1198426,0.01972372,0.06084197
2021-01-01,True,,legacy_unknown_provenance,False,0.19176692,-0.26703322,0.34289113,0.007903649,-0.083528705,0.121701576,0.18473247,-0.07244821,-0.108368315,-0.049174383,-0.010431454,-0.048029825,0.015754893,-0.04306594,-0.08945365,0.13600722,0.14243208,-0.025706181,0.059611186,0.07594498,0.012728265,-0.045508474,-0.013882455,0.00855328,0.006103835,0.11644575,0.001819732,0.006518763,0.07179373,-0.018395869,-0.013293864,0.01225649
2021-02-01,True,,legacy_unknown_provenance,False,0.10764179,-0.2617632,-0.24202013,-0.17852145,0.010329616,-0.0604252,0.04967909,-0.14004855,-0.034522634,-0.04154967,-0.10530986,0.05212738,-0.011758773,-0.03857058,-0.033670872,0.081676476,-0.05659599,0.13003866,0.10528251,0.11302154,0.002084313,-0.015531548,0.031662714,0.022341209,-0.027038058,0.062147263,-0.103993975,0.007729694,-0.07728687,0.025491044,-0.053523604,-0.057823293
2021-03-01,True,,legacy_unknown_provenance,False,0.16267289,-0.21269748,0.26593378,-0.014400967,0.001839566,0.012818687,-0.07001585,-0.24803354,0.039752476,-0.06153891,-0.15275636,-0.073571704,0.06131723,0.052482504,-0.12815738,-0.003724201,0.122280166,-0.08339439,-0.05377772,-0.02067999,0.07277199,-0.04030916,0.000342007,0.11257175,0.012020453,0.013826619,-0.01093297,0.053538077,0.05538128,-0.021103052,-0.038495757,0.003352743
2021-04-01,True,,legacy_unknown_provenance,False,-0.29353663,0.064150095,0.010907082,-0.036472455,0.17483214,-0.088896714,-0.033705715,-0.10370307,-0.07915371,0.053141315,-0.19211185,-0.002099605,-0.091352925,-0.13562456,0.03896734,0.09784058,0.07718261,0.056045406,0.07789906,0.009277678,0.04026267,-0.10722725,0.015790015,0.027629374,0.006034907,0.068784975,-0.018627021,-0.021422423,-0.05151997,0.006869167,0.054871168,0.029517122
2021-05-01,True,,legacy_unknown_provenance,False,0.031609233,-0.030343227,-0.028512157,-0.09569675,0.044278454,0.13772802,0.119382806,0.20971927,-0.07106144,-0.056015573,0.09091153,0.0725743,0.27609262,-0.13602936,-0.285422,0.10178787,0.114858,-0.001948278,0.027597567,-0.20172086,0.059265826,0.00747498,-0.01317914,0.026517559,-0.0400498,0.023860527,-0.13755722,-0.06472884,-0.032051384,0.014703461,0.06892954,0.016297873
2021-06-01,True,,legacy_unknown_provenance,False,0.11182076,-0.1944389,0.38063046,-0.09369955,0.047143146,0.027779663,-0.1499901,-0.16204555,-0.058846783,-0.19069956,0.05133289,-0.008844083,-0.03466993,-0.07260364,0.049798947,0.13666712,-0.05910423,-0.08227758,0.05203688,-0.013860966,0.00797902,-0.053454626,-0.019247437,0.034969386,0.08568922,0.06394562,0.015973782,0.067973316,-0.011031683,0.084400475,0.014881782,-0.036109578
2021-07-01,True,,legacy_unknown_provenance,False,-0.24739598,-0.022559363,-0.012517703,-0.07963771,0.021267032,-0.11955895,-0.18281977,0.12963235,0.042777408,-0.08477611,-0.13709429,0.032363474,0.06579649,-0.090960726,0.1052551,0.077100284,0.1293919,-0.117537506,0.03866445,0.002467333,0.014056337,-0.13854064,0.015830025,-0.039966814,0.02181874,0.06510685,0.048972994,0.024229495,-0.052326247,0.007073805,0.009360675,-0.015511031
2021-08-01,True,,legacy_unknown_provenance,False,0.24075133,0.29596928,-0.0692088,-0.104237266,-0.12418129,-0.14981492,-0.073452905,0.09106803,0.19526908,0.055027355,-0.1550236,-0.019786531,-0.056305885,-0.06664435,-0.060416453,0.0718912,0.059436206,-0.071183115,0.21128269,-0.001864568,0.17873259,0.055862047,-0.084777884,0.0143878,-0.013798913,-0.07258096,0.006263097,-0.04359814,0.0428335,-0.08706765,0.032474533,0.047280543
2021-09-01,True,,legacy_unknown_provenance,False,0.107281104,0.15135556,0.02465457,0.000624727,0.05118057,-0.18553051,-0.003517753,0.007585951,-0.055378906,0.076896176,0.25278544,0.03784976,0.0844383,-0.08539926,-0.19368008,-0.011214766,0.10150422,0.15685791,0.031761248,0.036133923,0.011750977,-0.09019407,-0.27112052,0.013663473,0.016961575,0.10459634,0.055314165,-0.002308886,-0.059122685,0.003978129,-0.08611068,-0.046772305
2021-10-01,True,,legacy_unknown_provenance,False,0.113049924,-0.21347669,0.30068603,-0.011759298,-0.025780892,-0.20045051,-0.027661165,-0.18864147,-0.033062823,0.06541632,0.11954617,0.058217764,-0.002397216,0.038995422,0.020416033,0.102870874,-0.077273436,-0.026354996,-0.014821889,-0.031637534,0.08573362,-0.04137281,0.092122205,0.044361044,-0.12737863,0.005862707,-0.045592222,0.009385976,-0.029550916,-0.032522008,-0.021843348,0.033150658
2021-11-01,True,,legacy_unknown_provenance,False,0.000243047,-0.012419633,-0.08707007,-0.04529024,-0.19958292,-0.026464159,0.20473213,-0.04030344,-0.03402319,-0.036194906,0.13472481,-0.11136115,0.04848268,-0.24720588,-0.06724035,-0.001257746,0.117651075,0.060382403,0.06334246,-0.12317137,0.11956292,-0.013852687,0.13651273,-0.023454761,0.039030485,0.046171326,-0.005334728,-0.002302814,-0.004738165,-0.014673218,0.09654827,0.059861317
2021-12-01,True,,legacy_unknown_provenance,False,0.03096202,0.172607,0.008275936,0.001458374,-0.15981011,-0.049440306,0.018624242,0.23827156,-0.25680733,-0.047017768,-0.12561883,-0.12761137,0.000529029,0.02751902,-0.086428225,-0.031907286,0.014673286,0.088121735,0.037493605,-0.030812504,0.000880927,-0.055209003,0.04617819,0.08102875,-0.019969385,0.025951445,-0.036650106,0.014481127,-0.07437054,0.020418035,0.033244513,-0.024967248
2022-01-01,True,,legacy_unknown_provenance,False,0.16663875,-0.38450605,-0.19069433,-0.14478213,-0.05839888,-0.09458363,0.016338522,0.045763284,0.004970535,-0.06284972,-0.055969246,-0.13080995,-0.077446766,-0.06432464,0.041178588,0.17502983,0.022389038,-0.021444622,0.029798439,0.005813624,-0.016905604,-0.04792166,-0.058938514,-0.04072374,-0.10757053,0.03222887,-0.052174527,0.034691993,-0.019239925,-0.003513645,-0.02001192,-0.12187737
2022-02-01,True,,legacy_unknown_provenance,False,0.1553722,-0.1987175,-0.31942627,-0.19551988,-0.060652368,0.08929756,0.003499717,-0.023080599,-0.025528857,-0.017833292,-0.045539867,0.05579713,0.121931076,0.055481713,-0.016423361,0.13379201,-0.09063765,0.07718648,0.05034863,0.19032001,0.016993118,0.12165793,-0.02009175,0.001960225,0.027543068,0.0441381,0.0513496,0.054257426,-0.011867045,0.015415628,-0.058144797,-0.035702627
2022-03-01,True,,legacy_unknown_provenance,False,0.1553506,-0.12691273,-0.10017199,0.19387388,0.12232501,-0.030618334,-0.214407,-0.1455865,-0.072314486,-0.048896864,-0.14449026,-0.0771309,0.1942353,-0.025503848,0.003760775,-0.023744198,0.02537786,-0.032417163,-0.001041487,0.07104845,0.055097822,0.030456223,0.005619051,0.029842969,-0.0180209,0.050528806,0.027560482,0.021482237,0.07012626,0.07747946,0.031260915,-0.110422514
2022-04-01,True,,legacy_unknown_provenance,False,-0.20207566,0.18662973,-0.08628065,0.23431695,0.15740314,0.042978894,-0.016975261,-0.04584154,-0.07390845,0.081766725,-0.15510584,0.041116312,-0.024674911,-0.010562903,0.050133448,0.06835129,-0.01639206,0.14118992,0.026958434,0.05849165,0.11525049,-0.037824795,0.03515879,0.035359144,0.025805037,0.014083343,-0.008703925,-0.006111231,-0.024672223,0.04796196,0.090970024,-0.048059504
2022-05-01,True,,legacy_unknown_provenance,False,0.04726971,-0.23506595,-0.03184147,-0.13758372,0.23764393,0.03774802,-0.09153458,0.059609376,-0.08590496,0.07923423,0.0332159,-0.15064274,0.229071,-0.117015764,0.06609939,0.08762505,-0.028616304,-0.009008437,-0.033683855,-0.05886166,-0.020128623,0.06826855,0.021105878,0.059806515,0.027116494,-0.114814185,-0.03944322,-0.062296513,-0.050688494,-0.05362333,0.0441006,-0.013702756
2022-06-01,True,,legacy_unknown_provenance,False,0.25125617,0.39655197,-0.06822237,-0.24919836,0.097400054,0.046481755,-0.09075757,0.042329703,-0.005144659,-0.16204908,0.11076154,-0.12779498,-0.073500395,0.031251293,-0.017727563,0.08683651,-0.06713845,0.06593871,-0.006863437,0.028347846,-0.002425451,-0.010233529,-0.042641312,-0.008501144,0.05222568,0.09222832,-0.009511771,0.027619567,-0.001277084,-0.014134321,0.12839825,-0.04785782
2022-07-01,True,,legacy_unknown_provenance,False,0.143943,-0.054001216,-0.060605954,-0.18040213,0.033027347,-0.15562284,-0.19425552,0.19015053,-0.019649485,-0.021539038,-0.09890042,0.18497579,0.13224421,0.021349957,0.13469557,0.045213398,0.12457343,0.09337947,-0.001033074,0.083964534,0.14618342,0.11186124,0.035647154,-0.052064408,-0.030029733,0.093198344,0.020589769,-0.077684,0.053538423,0.074598595,-0.032422226,-0.05798793
2022-08-01,True,,legacy_unknown_provenance,False,0.24278504,0.22562055,-0.006958457,-0.10805483,-0.056291133,0.051441733,-0.21245588,0.15266174,-0.014196442,-0.021308986,-0.13867873,-0.058232337,0.11720622,-0.007174493,-0.08028947,0.08599449,-0.023265582,0.10671757,-0.0294252,-0.109704636,0.118891634,-0.010810353,0.038777508,-0.1222797,0.117938906,-0.09547867,-0.09299809,0.07627906,0.27487808,-0.0714054,-0.05447206,-0.061227124
2022-09-01,True,,legacy_unknown_provenance,False,0.21197177,0.3227012,-0.07845516,-0.074567646,-0.06676821,-0.2476024,-0.002300319,0.004991774,0.092694394,0.10997953,0.101005875,-0.03353013,-0.023982408,0.09923982,0.092721745,0.077648886,0.00811918,-0.027806675,0.18179591,0.13432474,-0.05878708,-0.031637657,-0.086917326,0.01739294,0.016955713,-0.03361536,0.014868763,-0.057546627,0.07565008,-0.14119178,0.093322694,-0.10264716
2022-10-01,True,,legacy_unknown_provenance,False,0.024776313,-0.14422949,-0.114613436,-0.1007796,-0.025655046,-0.263138,-0.059074797,-0.075435,-0.12210915,0.121473156,0.15315421,0.09131439,0.16400914,0.054623034,0.06506127,0.08454026,-0.10937914,0.08874156,-0.027735978,0.058516532,0.05218778,0.14567807,0.1047181,0.10732667,-0.09473029,0.03282733,-0.034316976,-0.002759634,0.04321104,0.043363906,-0.013662308,0.001528354
2022-11-01,True,,legacy_unknown_provenance,False,0.201111,-0.3598855,-0.23436742,-0.15659918,-0.09413444,-0.044077728,0.0389553,0.017088994,-0.02269991,-0.046306808,0.07856797,-0.009570669,-0.015222495,-0.10748145,0.03036319,0.15232256,0.058857292,0.20452316,-0.0565217,0.17322098,-0.04636383,0.19298305,0.09260057,0.03750481,0.107205145,-0.17268549,0.024805764,-0.06425107,0.037731733,0.043673065,-0.04177724,0.049881484
2022-12-01,True,,legacy_unknown_provenance,False,0.25185472,0.049708873,-0.009374014,0.2485173,-0.019863587,0.014406249,-0.09401922,0.1979326,-0.23443194,-0.032057773,-0.22137345,-0.0667122,0.14029895,0.007750368,0.11109114,0.00794374,-0.07452571,0.07773204,-0.02744655,-0.008856867,-0.14231947,-0.008362224,-0.066690065,0.03985879,0.071173914,-0.07258129,0.057292115,-0.022971958,0.00869484,0.017913487,0.024566084,0.024966799
2023-01-01,True,,legacy_unknown_provenance,False,-0.34449482,0.08678602,-0.106412604,-0.018881667,-0.12393683,0.026703626,0.081869446,-0.11669652,0.09028418,-0.019892527,-0.034910563,-0.15837191,0.06764234,-0.017952763,0.13440908,-0.009086945,-0.04628305,-0.04535645,0.010881786,0.025596963,0.030379312,0.03823842,-0.035947863,0.04847574,0.07870426,-0.002361596,0.10122665,0.016026756,0.005419705,0.002107588,-0.00059546,-0.0336975
2023-02-01,True,,legacy_unknown_provenance,False,0.115527906,0.12497832,-0.16926683,-0.11069542,-0.17113371,0.030522851,0.16500817,-0.12313469,-0.047352936,-0.007168474,-0.034542207,-0.18253778,0.2291174,0.02529345,0.007023094,-0.08943501,0.03826197,0.058137912,0.08137289,-0.0921821,0.08249835,-0.056531563,0.11423022,-0.102819696,-0.033996418,-0.08241006,0.1378181,0.019778797,-0.14701606,-0.02895608,0.031833034,-0.036651675
2023-03-01,True,,legacy_unknown_provenance,False,0.064085625,-0.209993,-0.17507516,-0.080120586,-0.04687277,-0.1678114,0.026998648,-0.21417888,0.123950794,-0.08725525,-0.041219633,-0.14288297,0.084318675,0.15924573,0.04268817,-0.07152675,0.046876036,-0.039544478,-0.10452906,-0.02166175,0.012170082,0.026659377,-0.07312253,-0.050013818,-0.053784948,0.07065468,-0.0927869,-0.077794716,0.0135612,0.050076537,0.08241543,0.098939985
2023-04-01,True,,legacy_unknown_provenance,False,-0.39795905,0.15599293,-0.12920085,-0.003371756,0.05287266,0.030809209,0.18251704,-0.15630174,0.06253307,-0.0088716,-0.07468916,-0.003209112,-0.061063323,0.032240972,0.03468371,0.04053316,-0.007800692,0.08274041,-0.0385792,0.04169367,0.04805447,0.023317914,-0.025213439,0.037647326,0.07362519,-0.005011674,0.04205726,0.009728375,-0.026567683,-0.03197599,0.06704775,0.037400745
2023-05-01,True,,legacy_unknown_provenance,False,0.21798916,-0.10532942,0.22697966,0.23640323,0.17888041,0.18078089,0.000222802,-0.018688682,0.06624838,0.044724632,0.005466438,-0.047776192,0.15694155,0.021560375,0.06178293,0.07626388,-0.011344833,-0.09464566,-0.05004088,0.02071978,0.078348145,0.08017838,-0.032802455,-0.06834871,0.045449432,0.03467984,-0.001573613,-0.03447143,-0.072058015,-0.032275338,0.10394604,0.075182445
2023-06-01,True,,legacy_unknown_provenance,False,0.23137273,0.38573197,-0.035422612,-0.24176714,0.16535106,-0.025005965,-0.047271997,-0.06536905,0.030327579,-0.18539535,0.09854085,-0.18656273,-0.09299272,0.0669259,-0.00314143,0.041435786,-0.014918029,0.056588758,-0.070300035,-0.019620629,-0.021115744,0.02621201,0.012848007,0.019534191,-0.004188762,0.050277792,0.051500138,-0.00265916,-0.017945748,0.01747551,0.030238729,0.04512317
2023-07-01,True,,legacy_unknown_provenance,False,0.14524567,-0.25150424,-0.13288312,-0.12266346,0.046049368,-0.15317129,-0.1309869,-0.058372334,0.08915486,-0.21310538,-0.071273856,0.046305727,0.15634418,-0.04867474,0.1356732,-0.016965305,-0.029660745,-0.08442251,-0.049048215,-0.0787102,-0.14746779,-0.0897305,-0.101253554,0.08043206,0.1449987,-0.13213493,-0.00034644,-0.05900518,-0.06494788,0.035431296,0.010879051,0.036706883
2023-08-01,True,,legacy_unknown_provenance,False,0.2700315,0.24948032,-0.13652872,-0.16985412,-0.14128794,-0.0729382,-0.027185122,0.032244105,0.20398359,0.06467096,-0.13330387,-0.012089266,-0.011297875,0.020753907,-0.10609229,-0.06540227,0.011147556,-0.03944181,-0.07946453,0.07334211,0.013444791,0.036905706,-0.006319487,0.048497323,0.031272907,0.024308499,-0.03266497,0.08482788,-0.08915554,0.047048517,-0.027043909,0.052325208
2023-09-01,True,,legacy_unknown_provenance,False,0.08908562,0.245784,-0.006586058,-0.04141512,0.031927645,-0.2544712,-0.070321366,-0.14306553,-0.020166064,0.14889565,0.12046346,0.006025106,0.0990548,0.14431806,-0.052263066,0.001649267,0.08743772,-0.029316522,0.043858748,0.00711805,-0.09130418,-0.033673584,0.08327394,0.042971242,-0.028805036,-0.002907942,0.050314516,0.000574107,-0.058014575,0.05120088,0.009088374,0.025646491
2023-10-01,True,,legacy_unknown_provenance,False,-0.28775525,0.014423248,-0.007707235,0.05250626,-0.11691511,-0.123727985,0.003865386,-0.024850696,-0.029402772,0.11462728,0.20929456,-0.03760646,0.11121031,0.03436496,-0.009225906,-0.103947684,-0.0456485,0.047537137,-0.1085167,-0.007117971,0.15528917,0.037437744,-0.22578704,-0.016028825,0.03546037,0.040217403,0.04897279,-0.04651905,-0.03411879,0.023530524,0.018890645,0.006064984
2023-11-01,True,,legacy_unknown_provenance,False,-0.21761347,-0.28009623,-0.040865913,0.018338008,-0.020875849,-0.16510822,-0.03995624,0.002287453,-0.022902021,0.066186495,0.053801823,-0.14357488,-0.085583806,0.008200766,0.09630168,0.029400911,0.12242197,-0.004699045,-0.11963096,0.036260825,-0.012109712,0.03484291,0.030360917,-0.035494596,0.06916765,-0.11451569,0.017453562,0.013380361,-0.05652146,0.004720547,0.035030477,0.0322319
2023-12-01,True,,legacy_unknown_provenance,False,0.017334495,0.040310357,0.29616654,0.034835007,-0.19388877,0.035277862,0.11309912,0.10699983,-0.15919057,0.10144973,-0.17939374,-0.060338322,-0.02045918,0.16799359,-0.1345369,-0.006596739,-0.03140367,-0.002265597,-0.061218318,0.05765229,0.014200483,0.03809274,-0.018768443,-0.001621717,0.08170363,-0.010769797,0.073716186,-0.036503505,-0.011691798,0.023156932,-0.008249642,0.10165313
2024-01-01,True,,legacy_unknown_provenance,False,-0.34723544,-0.10718536,-0.035039637,-0.023518788,0.10338945,-0.029982213,0.1204661,-0.017290223,-0.16279587,-0.007200607,-0.09658756,-0.009502813,0.010991228,-0.01661228,-0.036464993,0.10730186,0.040673185,-0.16230702,-0.0253374,-0.013584867,-0.03241688,0.030446833,-0.050089244,0.02182147,0.038842533,0.03546523,0.06656783,0.044172008,0.039809138,-0.07555745,-0.030177012,-0.001851432
2024-02-01,True,,legacy_unknown_provenance,False,0.08289143,0.14656308,-0.19375236,-0.045089774,-0.07183511,-0.000728334,0.24926826,-0.19360037,-0.12585273,-0.004447809,-0.14634462,0.0923379,0.099099055,0.073842905,-0.008851316,0.022339677,-0.108509034,-0.042316426,0.060083553,-0.061112154,-0.067948066,-0.00735648,-0.07075567,-0.2480718,-0.050390586,-0.003158075,-0.014666707,-0.03682348,0.06648073,0.123771474,-0.01888103,0.031222438
2024-03-01,True,,legacy_unknown_provenance,False,-0.38557687,0.11235013,-0.07945127,0.06579937,-0.026446959,-0.009745482,0.06465331,-0.20235448,-0.05416849,-0.016237773,-0.06507236,0.056329466,0.056708697,0.13333406,-0.083619915,-0.010009246,0.08856418,0.004827404,-0.11466313,0.006686669,0.00498517,0.025762515,0.00805075,-0.05064524,0.006504546,-0.004963757,0.003877007,0.09449711,0.027787928,-0.05823342,-0.036703102,-0.04105152
2024-04-01,True,,legacy_unknown_provenance,False,-0.37394357,0.15853329,-0.12042326,0.020452712,0.007800964,-0.0507789,0.22646704,-0.15717976,-0.002489296,-0.004561616,-0.033821013,0.14577848,-0.09124135,0.03645031,0.018262496,0.06474027,-0.06414118,0.01986421,-0.061221126,0.026089264,0.045792,0.031798158,-0.06552298,0.012286814,0.050916284,-0.011417675,0.016859064,0.024496058,-0.016465979,-0.031544033,0.029292436,-0.037864964
2024-05-01,True,,legacy_unknown_provenance,False,0.18097848,0.37797594,-0.003286867,-0.1472677,0.3463263,0.037156407,0.24079445,-0.03347923,0.011823004,0.029313568,-0.046826657,-0.04619718,-0.020627795,-0.04339214,0.020991053,0.091575466,0.035429753,0.001100035,-0.14925745,-0.07589608,-0.05321117,0.046473615,0.010348951,-0.025382956,-0.07371137,-0.02158352,0.035420973,-0.035826106,0.004448576,-0.049959432,-0.11254451,-0.03835374
2024-06-01,True,,legacy_unknown_provenance,False,0.1877593,-0.03379589,0.30528674,-0.16583177,0.13820031,-0.011760189,-0.21168806,-0.14493266,-0.1072074,-0.12946025,0.001439589,0.012435907,-0.105746865,0.03285923,0.095230035,0.07199417,-0.08081622,-0.03225252,0.000767318,-0.17232418,0.06253222,-0.003945874,-0.039199598,-0.01054451,0.06364672,-0.002900576,0.07706169,0.018734029,-0.04943603,-0.017996676,-0.07287042,0.061729517
2024-07-01,True,,legacy_unknown_provenance,False,0.17559366,0.23960975,-0.19427522,-0.17688307,0.06679792,0.036504988,0.1605262,0.06541261,0.17893326,-0.099158995,0.09253256,0.2669618,0.09961491,-0.001028958,-0.024809062,0.089521885,0.073508695,-0.11553299,-0.10042776,-0.03979407,-0.08518378,0.054485284,0.03509894,-0.09891555,0.05867549,0.063580416,-0.031128228,0.14797154,-0.048872624,-0.13191772,0.047045417,-0.03446521
2024-08-01,True,,legacy_unknown_provenance,False,0.23379418,0.3809004,-0.05169157,-0.13780414,0.07605038,-0.14891103,0.13515916,-0.011255189,0.08087859,0.021069033,-0.152597,0.022285592,-0.061149366,-0.022876956,-0.101715036,0.059789654,-0.051415462,-0.07148294,-0.05751798,-0.047625005,-0.016137322,0.07212367,-0.035754763,-0.024858212,-0.004672481,0.012583322,0.037321515,0.056086965,0.005511768,0.006111289,-0.076884024,0.004195219
2024-09-01,True,,legacy_unknown_provenance,False,0.01912704,0.07307232,-0.08965772,-0.021097975,-0.044272304,-0.2203755,0.13828327,-0.24799146,-0.051146485,0.032198336,0.093269356,0.1677844,0.12999746,0.11448457,-0.027640335,0.08089863,-0.10634665,-0.09092288,0.13574399,-0.15183006,-0.10567945,-0.030881437,0.07847543,0.012772249,-0.004168618,-0.081319936,-0.028439624,-0.020353807,0.039259195,0.04608392,-0.043641973,0.046816155
2024-10-01,True,,legacy_unknown_provenance,False,-0.30771366,-0.22624041,-0.06774664,0.002737952,0.000599184,-0.21931617,0.007443402,-0.005781564,-0.08278797,0.05574868,-0.01912079,0.04072136,-0.08964097,0.07273139,0.09356689,0.07387588,-0.08498729,-0.08411293,-0.09862393,-0.07519603,0.047535904,0.049546994,-0.04964081,-0.052335933,-0.033406157,0.026354127,-0.016046423,0.058050323,-0.009610244,-0.036234356,-0.019888846,-0.026016276
2024-11-01,True,,legacy_unknown_provenance,False,0.16777037,-0.15298392,0.25035456,-0.008534443,-0.038335335,-0.181356,0.06762172,-0.012094772,-0.117569685,0.13223752,-0.05175463,0.01664314,-0.14063525,-0.024006171,0.06788196,0.050392494,0.1110253,-0.043007586,-0.046964888,-0.0300885,0.023928268,0.004212788,0.048691142,-0.17567372,0.0853313,-0.045611687,-0.00274821,0.0080459,-0.056493744,0.014282332,-0.00153702,-0.003834494
2024-12-01,True,,legacy_unknown_provenance,False,-0.18263178,0.17080732,0.014983342,0.019104142,-0.10914562,-0.098484814,0.075366944,0.11623431,-0.23749554,0.12763548,-0.1709996,-0.015904175,-0.010148668,0.13628745,0.003248209,-0.002988411,-0.011441934,-0.01474461,-0.05569788,-0.08539249,-0.046076905,0.00735151,-0.017651264,-0.043345105,0.04027729,-0.017775472,0.047484696,0.00085487,-0.012567014,0.006889784,-0.029071474,-0.018642562
2025-01-01,True,,legacy_unknown_provenance,False,-0.20137273,-0.2071211,-0.053332664,-0.017332416,0.1322849,0.027786411,0.17176756,0.13116407,-0.098844886,0.047274143,-0.003065176,-0.014575163,0.025639001,0.050609555,-0.000671098,-0.062324487,0.028367275,-0.05715054,0.05152404,0.051622972,0.039335873,-0.052154,0.004644459,0.026178304,0.019879954,0.038170945,0.002701379,0.071620636,0.05779312,0.03803796,0.018629976,0.05181773
2025-02-01,True,,legacy_unknown_provenance,False,0.18432535,-0.30222794,-0.21940729,-0.14443232,0.09237245,0.07261804,0.109281674,-0.003684677,0.032388363,0.06509502,0.0279199,0.05562817,-0.021154616,0.016839735,0.006801737,-0.14067268,-0.15898128,0.0658333,0.10194881,0.014328885,0.05805322,-0.054289844,-0.015095405,-0.042774618,0.049866464,0.000967161,-0.013248311,0.04370214,-0.04555043,-0.05509425,-0.029062822,-0.016804185
2025-03-01,True,,legacy_unknown_provenance,False,0.056466185,-0.37255406,-0.10326099,-0.10795344,0.21476713,0.06835574,0.001020529,-0.024789475,0.034007374,0.1393029,0.056637384,-0.00218104,-0.0329837,0.071679786,-0.026131136,-0.24649845,0.10723465,0.05938864,-0.055816844,-0.025959415,0.07576582,-0.009905767,0.054921385,-0.027441254,0.056973495,0.03248472,0.015905438,0.025041524,0.10101163,-0.066776805,0.020862626,0.029053096
2025-04-01,True,,legacy_unknown_provenance,False,0.049408022,-0.3282365,-0.10952105,-0.108245045,0.2662295,0.03050881,0.003017793,-0.04507027,-0.08486086,0.110746704,-0.102124125,0.13841261,-0.047371034,-0.053377885,-0.021666508,-0.16474883,-0.053299237,0.060480345,0.0260647,-0.068524495,9.316765e-05,-0.074654244,-0.011414951,0.035542723,0.15709907,-0.049971618,-0.06595146,0.057186097,0.033001527,-0.03250855,0.01649818,-0.03708214
2025-05-01,True,,legacy_unknown_provenance,False,0.2162085,0.34306696,0.011242056,-0.1301579,0.35604697,0.06768471,0.23177126,0.070105664,0.079858206,0.05991581,0.045803826,-0.13633624,-0.001603102,-0.04313414,0.061187062,-0.019745836,0.045333564,0.022259988,-0.084809385,-0.008182349,-0.00604047,-0.021632168,0.034618862,0.023090828,-0.0767594,-0.029263988,0.043203644,-0.00366862,0.043777425,0.031849105,-0.07559757,-0.012515681
2025-06-01,True,,legacy_unknown_provenance,False,0.2711476,0.34314355,-0.03362082,-0.21769518,0.18781592,-0.03883012,0.039710995,0.0560058,0.037198156,-0.09783843,0.176776,-0.11473285,-0.10734978,0.033091165,0.06447604,-0.046817042,-0.07947552,0.011932904,-0.001317381,0.005358245,0.01942378,-0.030566102,0.03539798,0.023798972,0.003964081,0.051254645,0.011986734,0.06757689,0.017010761,0.10346313,0.045404416,-0.00510519
2025-07-01,True,,legacy_unknown_provenance,False,0.12833549,-0.30970153,-0.207539,-0.18018265,0.09252243,0.07280709,0.08947802,0.14579469,0.15030056,-0.042663097,0.034939587,0.10051895,-0.01702805,0.018770827,0.10796395,-0.15179177,0.077614255,-0.04468148,0.04226464,-0.013663462,0.018876372,-0.010351604,0.051789913,0.005013476,0.051257502,0.065818444,0.060408335,0.02899853,0.024087066,0.016857877,-0.027896147,0.07220628
2025-08-01,True,,legacy_unknown_provenance,False,0.16218461,-0.28255138,-0.12396304,-0.094929084,0.115914494,-0.002887652,0.041871663,0.059659243,0.19069916,0.03155397,-0.030728858,0.003986963,-0.020916894,-0.084376134,-0.064073905,-0.12645037,-0.11892931,-0.041280303,0.10548791,0.019638732,0.03944466,0.000910619,0.018163767,0.059294,0.011781869,-0.038800467,-0.0540249,0.099314876,0.026520737,0.05728195,-0.01620516,0.04025671
2025-09-01,True,,legacy_unknown_provenance,False,0.08753638,0.20755738,0.017112063,-0.006232025,0.14433916,-0.17547268,0.037160404,0.025318688,-0.021687893,0.22538151,0.17055368,0.011494737,0.07357663,0.10777818,-0.001038492,-0.026944946,0.05601186,-0.07305503,0.1845037,0.029997999,-0.07209066,-0.095020756,0.031723592,0.034794543,-0.040549994,-0.1003955,0.025066555,0.020449292,0.110306546,0.029631449,0.07539533,0.05879162
2025-10-01,True,,legacy_unknown_provenance,False,-0.25389513,-0.2299038,-0.031143641,0.001111436,0.09480744,-0.13889536,0.055041842,0.13286343,0.004521027,0.091553316,0.096374325,-0.06335775,-0.037201174,0.06052356,0.11882495,-0.03619129,-0.05551309,-0.08063724,-0.02224272,-0.03497642,0.08785166,-0.025894675,-0.014390428,0.005228921,-0.040612806,0.018884795,-0.012729776,0.08892925,0.030830769,0.058192283,0.022343451,-0.004288522
2025-11-01,True,,legacy_unknown_provenance,False,0.33215383,0.019127438,0.36106873,-0.033354376,0.028501216,0.09015305,0.20026404,0.06840056,0.061724324,0.052439105,0.051737048,-0.06828922,-0.066750824,0.035731267,0.09891289,-0.07271667,-0.035543557,-0.002920999,0.04623941,0.010188971,0.052341945,-0.0566831,-0.001543338,-0.03801313,0.082571656,-0.07090133,0.007652147,0.019049607,-0.0025273,0.11767018,-0.008315385,-0.11517269
2025-12-01,True,,legacy_unknown_provenance,False,0.17149326,-0.08905629,0.001801162,-0.08010742,0.08185526,-0.05432536,0.12235267,0.30172566,-0.15568091,0.13535576,-0.05501248,-0.08957959,-0.010196058,0.094080105,-0.003316942,-0.14044315,-0.002866817,0.022117386,-0.019071098,0.012390999,-0.052584745,-0.051162306,-0.061767835,0.015034888,0.01885204,0.058568694,-0.001682033,0.047503076,0.019298766,0.09682045,0.023045829,0.001471627
2026-01-01,True,,legacy_unknown_provenance,False,-0.28244713,-0.18543199,-0.03509356,-0.05429584,0.09357773,-0.000863024,0.058589444,0.1228633,-0.11497769,-0.06274413,0.053007767,-0.15395385,-0.10526934,0.017224848,-0.00724941,0.015939657,0.025897736,-0.118693165,0.030241698,0.05484752,0.023708055,-0.004700371,-0.001841625,0.005080727,-0.07686008,-0.040894635,-0.022140415,0.05490993,-0.012803904,-0.002649352,-0.007704924,-0.011516873
2026-02-01,True,,legacy_unknown_provenance,False,0.10762093,-0.2593231,-0.10251836,-0.14823559,0.002346855,0.08087314,-0.14261088,-0.041489188,-0.14575194,0.04363523,0.055635303,0.019626917,-0.03945223,0.040128488,-0.025086658,-0.13206232,-0.12881337,0.025467332,0.114809714,0.034698743,0.0725285,-0.014040387,0.00032808,-0.135358,0.016558317,-0.052280594,-0.015814723,-0.07380455,-0.13922772,-0.1407019,-0.04232437,0.009455113
2026-03-01,True,,legacy_unknown_provenance,False,0.08075207,-0.16857673,-0.18279168,-0.14331794,0.002989844,-0.052518215,-0.045062006,-0.2058441,0.025999766,-0.17071123,-0.028781477,-0.12199821,-0.017818386,0.1273687,-0.03763407,-0.12524596,0.08279781,-0.0718907,0.001101368,0.027755503,0.016502121,0.007434187,-0.05466092,-0.043553907,-0.106955156,-0.004649857,-0.118983634,-0.11065833,-0.00479832,0.058658414,0.012679983,0.052576713
2026-04-01,True,,legacy_unknown_provenance,False,0.13655905,0.34853333,-0.017865084,-0.14533693,0.2615308,0.050199367,-0.006160613,-0.13186666,-0.19358031,0.03436833,-0.0719644,0.10691935,-0.21222553,0.003206177,-0.023322592,-0.061593704,0.085110135,0.09490328,-0.05315157,0.023275996,0.06009377,-0.02543,0.08090303,0.014978108,-0.100204855,-0.03669512,-0.013662234,-0.09666578,-0.007825861,0.014384762,-0.032115262,0.01152686
2026-05-01,True,,legacy_unknown_provenance,False,-0.072949305,-0.017706212,0.35675165,-0.027966337,0.11350795,0.24634698,0.15039149,0.054676108,-0.05941273,-0.019258955,0.0778105,-0.02472645,0.032144707,0.10533626,-0.050534748,-0.00629346,-0.03615045,-0.120020784,0.03753257,0.10287374,0.04674269,0.09057554,-0.02891977,0.0663349,0.029648418,-0.067805685,-0.05111391,-0.081095204,-0.0401155,0.029257234,-0.037743844,-0.040668648
2026-06-01,False,,legacy_unknown_provenance,False,0.14822318,0.35395452,0.04352012,-0.26004484,0.17148104,0.026629584,-0.28616512,-0.07800353,-0.15839632,-0.13665682,0.12724285,-0.030396115,-0.11945756,-0.063484035,0.044261917,-0.06926561,0.019595113,-0.040052082,0.02654738,-0.04685469,0.09440092,0.04901892,0.028849978,0.06366363,-0.012478771,-0.033412468,0.07978914,-0.058389433,-0.020875847,-0.038883366,-0.1087285,0.048347455
