date,dce_soybean2_open,dce_soybean2_high,dce_soybean2_low,dce_soybean2_close,dce_soybean2_volume
2018-05-16,3392.0,3551.0,3149.0,3399.0,32
2018-05-17,3469.0,3469.0,3400.0,3430.0,8
2018-05-18,3407.0,3416.0,3380.0,3410.0,20
2018-05-21,3414.0,3420.0,3391.0,3391.0,1664
2018-05-22,3397.0,3400.0,3390.0,3390.0,1678
2018-05-23,3410.0,3421.0,3374.0,3402.0,488
2018-05-24,3429.0,3470.0,3405.0,3455.0,144
2018-05-25,3464.0,3464.0,3419.0,3430.0,42
2018-05-28,3421.0,3456.0,3421.0,3431.0,62
2018-05-29,3457.0,3499.0,3411.0,3459.0,64
2018-05-30,3465.0,3499.0,3411.0,3466.0,280
2018-05-31,3420.0,3435.0,3419.0,3425.0,28
2018-06-01,3439.0,3452.0,3438.0,3445.0,24
2018-06-04,3465.0,3478.0,3450.0,3450.0,116
2018-06-05,3458.0,3458.0,3391.0,3416.0,162
2018-06-07,3407.0,3458.0,3388.0,3399.0,162
2018-06-08,3405.0,3405.0,3324.0,3332.0,4922
2018-06-11,3370.0,3397.0,3341.0,3359.0,1876
2018-06-12,3353.0,3371.0,3347.0,3354.0,2292
2018-06-13,3355.0,3369.0,3320.0,3352.0,52
2018-06-14,3365.0,3377.0,3341.0,3367.0,48
2018-06-15,3385.0,3385.0,3339.0,3362.0,272
2018-06-19,3405.0,3500.0,3310.0,3328.0,626
2018-06-20,3325.0,3347.0,3273.0,3333.0,402
2018-06-21,3337.0,3337.0,3315.0,3318.0,364
2018-06-22,3325.0,3329.0,3262.0,3303.0,34276
2018-06-25,3321.0,3341.0,3289.0,3330.0,61568
2018-06-26,3301.0,3371.0,3301.0,3342.0,28314
2018-06-27,3355.0,3379.0,3335.0,3360.0,32558
2018-06-28,3371.0,3371.0,3340.0,3351.0,8626
2018-06-29,3362.0,3387.0,3361.0,3383.0,7308
2018-07-02,3373.0,3405.0,3372.0,3391.0,794
2018-07-03,3385.0,3400.0,3335.0,3366.0,312
2018-07-04,3374.0,3374.0,3323.0,3336.0,754
2018-07-05,3326.0,3350.0,3306.0,3346.0,406
2018-07-06,3354.0,3362.0,3280.0,3327.0,810
2018-07-09,3330.0,3359.0,3318.0,3342.0,758
2018-07-10,3331.0,3331.0,3310.0,3320.0,2396
2018-07-11,3319.0,3343.0,3310.0,3318.0,784
2018-07-12,3323.0,3326.0,3293.0,3305.0,818
2018-07-13,3312.0,3312.0,3276.0,3285.0,11786
2018-07-16,3283.0,3299.0,3275.0,3298.0,21258
2018-07-17,3296.0,3324.0,3293.0,3324.0,29586
2018-07-18,3320.0,3332.0,3308.0,3316.0,113178
2018-07-19,3319.0,3370.0,3310.0,3329.0,140044
2018-07-20,3329.0,3370.0,3329.0,3344.0,202434
2018-07-23,3350.0,3366.0,3350.0,3357.0,67458
2018-07-24,3359.0,3365.0,3321.0,3347.0,69766
2018-07-25,3342.0,3389.0,3342.0,3379.0,40098
2018-07-26,3374.0,3403.0,3367.0,3393.0,27756
2018-07-27,3397.0,3419.0,3371.0,3376.0,87700
2018-07-30,3380.0,3413.0,3380.0,3410.0,132242
2018-07-31,3421.0,3434.0,3374.0,3398.0,150190
2018-08-01,3412.0,3428.0,3355.0,3360.0,45172
2018-08-02,3360.0,3396.0,3360.0,3365.0,66474
2018-08-03,3356.0,3376.0,3335.0,3335.0,98080
2018-08-06,3335.0,3360.0,3325.0,3349.0,46988
2018-08-07,3346.0,3386.0,3331.0,3381.0,93558
2018-08-08,3385.0,3494.0,3370.0,3472.0,121996
2018-08-09,3462.0,3497.0,3435.0,3446.0,90526
2018-08-10,3451.0,3484.0,3423.0,3460.0,122374
2018-08-13,3463.0,3475.0,3369.0,3399.0,100370
2018-08-14,3400.0,3445.0,3393.0,3413.0,90758
2018-08-15,3428.0,3441.0,3389.0,3405.0,127742
2018-08-16,3400.0,3400.0,3319.0,3353.0,130784
2018-08-17,3353.0,3375.0,3337.0,3339.0,108540
2018-08-20,3341.0,3361.0,3321.0,3340.0,114656
2018-08-21,3340.0,3354.0,3325.0,3349.0,112708
2018-08-22,3342.0,3382.0,3342.0,3369.0,82516
2018-08-23,3360.0,3396.0,3288.0,3288.0,127216
2018-08-24,3298.0,3314.0,3281.0,3306.0,115988
2018-08-27,3310.0,3315.0,3221.0,3226.0,106184
2018-08-28,3233.0,3254.0,3231.0,3245.0,97962
2018-08-29,3243.0,3259.0,3226.0,3228.0,91650
2018-08-30,3235.0,3264.0,3228.0,3252.0,47704
2018-08-31,3252.0,3259.0,3219.0,3225.0,33942
2018-09-03,3226.0,3231.0,3211.0,3227.0,143068
2018-09-04,3230.0,3242.0,3211.0,3217.0,195522
2018-09-05,3217.0,3239.0,3215.0,3221.0,169930
2018-09-06,3218.0,3236.0,3198.0,3235.0,122752
2018-09-07,3234.0,3241.0,3222.0,3229.0,118250
2018-09-10,3231.0,3287.0,3209.0,3273.0,113800
2018-09-11,3276.0,3277.0,3250.0,3265.0,128202
2018-09-12,3298.0,3298.0,3205.0,3214.0,104528
2018-09-13,3203.0,3222.0,3180.0,3200.0,98554
2018-09-14,3204.0,3218.0,3200.0,3211.0,61132
2018-09-17,3222.0,3241.0,3213.0,3226.0,58090
2018-09-18,3224.0,3241.0,3221.0,3229.0,81672
2018-09-19,3233.0,3236.0,3214.0,3218.0,60220
2018-09-20,3221.0,3228.0,3204.0,3209.0,44724
2018-09-21,3207.0,3221.0,3200.0,3211.0,60370
2018-09-25,3211.0,3264.0,3211.0,3255.0,33526
2018-09-26,3263.0,3277.0,3253.0,3270.0,35458
2018-09-27,3271.0,3271.0,3243.0,3259.0,34604
2018-09-28,3238.0,3280.0,3238.0,3269.0,27954
2018-10-08,3288.0,3339.0,3288.0,3337.0,102440
2018-10-09,3334.0,3418.0,3332.0,3375.0,189012
2018-10-10,3369.0,3383.0,3354.0,3361.0,123144
2018-10-11,3359.0,3380.0,3320.0,3324.0,126442
2018-10-12,3330.0,3366.0,3316.0,3346.0,147728
2018-10-15,3357.0,3361.0,3330.0,3333.0,84058
2018-10-16,3336.0,3370.0,3329.0,3349.0,93448
2018-10-17,3338.0,3362.0,3333.0,3362.0,93856
2018-10-18,3361.0,3366.0,3330.0,3333.0,145498
2018-10-19,3330.0,3339.0,3314.0,3322.0,57948
2018-10-22,3335.0,3335.0,3303.0,3308.0,99268
2018-10-23,3305.0,3318.0,3301.0,3301.0,83108
2018-10-24,3316.0,3316.0,3300.0,3308.0,66384
2018-10-25,3307.0,3316.0,3284.0,3303.0,75674
2018-10-26,3309.0,3310.0,3286.0,3299.0,33268
2018-10-29,3284.0,3304.0,3251.0,3254.0,40580
2018-10-30,3272.0,3272.0,3205.0,3207.0,27138
2018-10-31,3212.0,3226.0,3207.0,3223.0,25404
2018-11-01,3224.0,3226.0,3186.0,3205.0,147858
2018-11-02,3203.0,3218.0,3136.0,3154.0,129310
2018-11-05,3162.0,3196.0,3160.0,3186.0,151148
2018-11-06,3188.0,3195.0,3175.0,3186.0,141650
2018-11-07,3188.0,3206.0,3175.0,3194.0,136736
2018-11-08,3202.0,3202.0,3130.0,3160.0,145370
2018-11-09,3165.0,3168.0,3142.0,3154.0,158930
2018-11-12,3139.0,3158.0,3134.0,3153.0,143284
2018-11-13,3150.0,3169.0,3123.0,3166.0,146828
2018-11-14,3181.0,3181.0,3145.0,3170.0,70560
2018-11-15,3168.0,3180.0,3148.0,3162.0,89732
2018-11-16,3147.0,3210.0,3147.0,3209.0,104270
2018-11-19,3216.0,3216.0,3190.0,3191.0,140942
2018-11-20,3191.0,3195.0,3137.0,3161.0,123152
2018-11-21,3162.0,3180.0,3141.0,3179.0,116802
2018-11-22,3164.0,3180.0,3146.0,3153.0,103632
2018-11-23,3154.0,3170.0,3111.0,3113.0,95412
2018-11-26,3098.0,3122.0,3038.0,3061.0,81754
2018-11-27,3076.0,3076.0,3039.0,3052.0,85714
2018-11-28,3053.0,3085.0,3050.0,3078.0,51604
2018-11-29,3063.0,3098.0,3063.0,3080.0,38292
2018-11-30,3080.0,3097.0,3071.0,3087.0,29272
2018-12-03,3099.0,3116.0,3048.0,3092.0,215938
2018-12-04,3091.0,3096.0,3031.0,3045.0,258822
2018-12-05,3046.0,3082.0,3046.0,3080.0,247322
2018-12-06,3080.0,3095.0,3067.0,3080.0,263202
2018-12-07,3065.0,3084.0,3053.0,3066.0,171550
2018-12-10,3060.0,3072.0,3036.0,3047.0,136086
2018-12-11,3047.0,3056.0,3014.0,3033.0,180098
2018-12-12,3048.0,3062.0,3020.0,3042.0,134520
2018-12-13,3043.0,3059.0,3042.0,3055.0,118802
2018-12-14,3059.0,3060.0,2996.0,3015.0,68916
2018-12-17,3000.0,3026.0,3000.0,3015.0,55188
2018-12-18,3016.0,3028.0,3006.0,3023.0,60856
2018-12-19,3038.0,3042.0,3021.0,3029.0,45596
2018-12-20,3020.0,3037.0,3020.0,3034.0,47746
2018-12-21,3048.0,3049.0,3006.0,3015.0,70834
2018-12-24,3005.0,3019.0,2968.0,2982.0,92676
2018-12-25,2981.0,2994.0,2958.0,2966.0,67872
2018-12-26,2965.0,2975.0,2959.0,2966.0,44590
2018-12-27,2968.0,2974.0,2944.0,2950.0,54488
2018-12-28,2951.0,2959.0,2919.0,2928.0,51074
2019-01-02,2950.0,2953.0,2925.0,2951.0,64790
2019-01-03,2950.0,2955.0,2931.0,2947.0,222100
2019-01-04,3026.0,3051.0,3017.0,3046.0,235092
2019-01-07,2980.0,2993.0,2965.0,2977.0,225030
2019-01-08,2978.0,2988.0,2966.0,2986.0,214164
2019-01-09,3077.0,3077.0,3050.0,3061.0,197192
2019-01-10,3067.0,3069.0,3047.0,3053.0,172410
2019-01-11,2973.0,2977.0,2932.0,2939.0,159708
2019-01-14,2940.0,2948.0,2898.0,2901.0,123614
2019-01-15,2899.0,2904.0,2887.0,2898.0,159694
2019-01-16,2897.0,2899.0,2850.0,2869.0,99544
2019-01-17,2950.0,2960.0,2943.0,2954.0,80692
2019-01-18,2871.0,2891.0,2865.0,2886.0,73414
2019-01-21,2899.0,2919.0,2884.0,2912.0,103366
2019-01-22,3016.0,3031.0,3002.0,3024.0,59222
2019-01-23,2915.0,2924.0,2901.0,2909.0,62558
2019-01-24,2908.0,2935.0,2908.0,2927.0,66444
2019-01-25,2928.0,2933.0,2906.0,2922.0,61296
2019-01-28,2923.0,2947.0,2920.0,2939.0,54718
2019-01-29,2946.0,2946.0,2902.0,2919.0,49628
2019-01-30,2920.0,2924.0,2907.0,2912.0,39728
2019-01-31,2915.0,2964.0,2910.0,2956.0,55674
2019-02-01,2953.0,2974.0,2942.0,2953.0,90432
2019-02-11,2953.0,3000.0,2950.0,2996.0,59058
2019-02-12,2998.0,3002.0,2973.0,2985.0,150826
2019-02-13,2984.0,2989.0,2958.0,2987.0,192290
2019-02-14,2983.0,2991.0,2960.0,2975.0,150638
2019-02-15,3078.0,3081.0,3040.0,3045.0,131136
2019-02-18,3046.0,3066.0,3037.0,3054.0,129978
2019-02-19,3064.0,3069.0,3046.0,3063.0,160840
2019-02-20,2951.0,2954.0,2892.0,2900.0,108248
2019-02-21,3010.0,3024.0,2996.0,3002.0,65900
2019-02-22,2900.0,2915.0,2898.0,2905.0,91258
2019-02-25,3011.0,3019.0,2979.0,3003.0,108924
2019-02-26,3007.0,3017.0,2984.0,2987.0,88486
2019-02-27,2870.0,2875.0,2836.0,2842.0,75542
2019-02-28,2843.0,2858.0,2836.0,2848.0,55714
2019-03-01,2847.0,2887.0,2843.0,2879.0,192098
2019-03-04,2880.0,2892.0,2854.0,2859.0,81758
2019-03-05,2862.0,2878.0,2858.0,2864.0,94638
2019-03-06,2863.0,2880.0,2858.0,2878.0,106952
2019-03-07,2878.0,2896.0,2864.0,2883.0,121198
2019-03-08,2884.0,2886.0,2869.0,2883.0,93742
2019-03-11,2882.0,2894.0,2864.0,2881.0,114622
2019-03-12,2880.0,2882.0,2857.0,2860.0,87204
2019-03-13,2861.0,2880.0,2861.0,2878.0,71458
2019-03-14,2879.0,2919.0,2866.0,2907.0,101000
2019-03-15,2901.0,2916.0,2895.0,2903.0,65368
2019-03-18,2902.0,2914.0,2874.0,2874.0,85678
2019-03-19,2876.0,2887.0,2864.0,2869.0,83632
2019-03-20,2871.0,2877.0,2857.0,2865.0,120688
2019-03-21,2866.0,2883.0,2864.0,2881.0,67854
2019-03-22,2883.0,2897.0,2873.0,2887.0,66656
2019-03-25,2885.0,2890.0,2863.0,2867.0,72154
2019-03-26,2867.0,2876.0,2861.0,2865.0,60022
2019-03-27,2864.0,2872.0,2858.0,2871.0,92332
2019-03-28,2875.0,2875.0,2808.0,2810.0,134926
2019-03-29,2811.0,2816.0,2781.0,2785.0,211060
2019-04-01,2785.0,2794.0,2781.0,2793.0,49976
2019-04-02,2786.0,2818.0,2786.0,2810.0,55402
2019-04-03,2810.0,2822.0,2804.0,2821.0,37850
2019-04-04,2866.0,2889.0,2776.0,2806.0,120038
2019-04-08,2833.0,2839.0,2817.0,2822.0,14454
2019-04-09,2827.0,2834.0,2810.0,2818.0,18266
2019-04-10,2830.0,2830.0,2801.0,2803.0,20988
2019-04-11,2805.0,2807.0,2772.0,2777.0,25788
2019-04-12,2773.0,2785.0,2742.0,2750.0,21528
2019-04-15,2756.0,2775.0,2732.0,2764.0,14754
2019-04-16,2948.0,2954.0,2927.0,2933.0,14500
2019-04-17,2931.0,2939.0,2907.0,2915.0,16852
2019-04-18,2930.0,2930.0,2898.0,2901.0,13912
2019-04-19,2730.0,2736.0,2700.0,2705.0,10518
2019-04-23,2785.0,2799.0,2782.0,2787.0,41312
2019-04-24,2788.0,2788.0,2691.0,2728.0,92658
2019-04-25,2732.0,2734.0,2704.0,2707.0,52712
2019-04-26,2714.0,2729.0,2696.0,2698.0,49716
2019-04-29,2697.0,2740.0,2696.0,2727.0,163054
2019-04-30,2732.0,2749.0,2721.0,2726.0,80492
2019-05-06,2780.0,2845.0,2780.0,2824.0,106278
2019-05-07,2829.0,2888.0,2756.0,2780.0,116128
2019-05-08,2753.0,2800.0,2753.0,2795.0,103972
2019-05-09,2796.0,2887.0,2790.0,2883.0,60162
2019-05-10,2885.0,2948.0,2855.0,2896.0,190868
2019-05-13,2897.0,2927.0,2867.0,2905.0,13199
2019-05-14,2910.0,2972.0,2882.0,2899.0,10941
2019-05-15,2893.0,2928.0,2882.0,2920.0,6907
2019-05-16,2925.0,2950.0,2915.0,2922.0,82582
2019-05-17,2922.0,2956.0,2906.0,2921.0,63384
2019-05-20,2927.0,2966.0,2918.0,2948.0,57632
2019-05-21,2944.0,3010.0,2936.0,2990.0,97906
2019-05-22,2995.0,3005.0,2926.0,2975.0,58588
2019-05-23,2968.0,3035.0,2958.0,2965.0,73574
2019-05-24,2951.0,2975.0,2937.0,2951.0,70288
2019-05-27,2950.0,3051.0,2948.0,3017.0,110622
2019-05-28,3029.0,3064.0,3009.0,3060.0,79324
2019-05-29,3052.0,3157.0,3050.0,3157.0,80664
2019-05-30,3145.0,3175.0,3046.0,3075.0,121228
2019-05-31,3096.0,3136.0,3084.0,3120.0,184038
2019-06-03,3106.0,3185.0,3086.0,3165.0,114436
2019-06-04,3170.0,3238.0,3132.0,3202.0,98896
2019-06-05,3201.0,3215.0,3135.0,3183.0,79732
2019-06-06,3184.0,3231.0,3096.0,3102.0,48286
2019-06-10,3088.0,3098.0,3055.0,3075.0,66992
2019-06-11,3076.0,3091.0,3026.0,3053.0,114092
2019-06-12,3052.0,3078.0,3037.0,3063.0,114236
2019-06-13,3063.0,3149.0,3063.0,3119.0,130754
2019-06-14,3124.0,3188.0,3117.0,3138.0,98146
2019-06-17,3154.0,3229.0,3143.0,3224.0,90204
2019-06-18,3214.0,3234.0,3169.0,3202.0,117034
2019-06-19,3198.0,3215.0,3111.0,3115.0,105204
2019-06-20,3110.0,3136.0,3100.0,3116.0,77758
2019-06-21,3116.0,3183.0,3114.0,3119.0,86748
2019-06-24,3120.0,3138.0,3075.0,3126.0,79272
2019-06-25,3128.0,3182.0,3128.0,3164.0,91308
2019-06-26,3165.0,3176.0,3085.0,3109.0,84650
2019-06-27,3110.0,3120.0,3076.0,3098.0,108686
2019-06-28,3098.0,3122.0,3056.0,3115.0,231622
2019-07-01,3119.0,3150.0,3053.0,3089.0,198418
2019-07-02,3093.0,3102.0,3048.0,3060.0,172296
2019-07-03,3054.0,3062.0,3018.0,3032.0,173626
2019-07-04,3035.0,3051.0,3010.0,3023.0,136998
2019-07-05,3021.0,3051.0,3020.0,3047.0,122480
2019-07-08,3044.0,3053.0,3003.0,3016.0,121518
2019-07-09,3011.0,3016.0,2955.0,2986.0,109518
2019-07-10,2977.0,2999.0,2967.0,2998.0,113740
2019-07-11,2997.0,3013.0,2982.0,2999.0,84846
2019-07-12,2993.0,3025.0,2982.0,3004.0,57052
2019-07-15,3006.0,3092.0,3006.0,3072.0,97684
2019-07-16,3068.0,3068.0,3026.0,3037.0,67264
2019-07-17,3035.0,3078.0,3022.0,3061.0,72946
2019-07-18,3064.0,3097.0,3042.0,3047.0,76298
2019-07-19,3049.0,3084.0,3041.0,3077.0,77524
2019-07-22,3080.0,3092.0,3003.0,3025.0,103008
2019-07-23,3024.0,3049.0,3023.0,3044.0,59034
2019-07-24,3044.0,3044.0,2997.0,3038.0,68200
2019-07-25,3040.0,3091.0,3040.0,3082.0,122782
2019-07-26,3077.0,3088.0,3013.0,3030.0,78342
2019-07-29,3032.0,3049.0,3015.0,3024.0,38678
2019-07-30,3022.0,3075.0,3021.0,3065.0,207392
2019-07-31,3064.0,3078.0,3045.0,3064.0,170530
2019-08-01,3058.0,3080.0,3016.0,3030.0,163786
2019-08-02,3035.0,3132.0,3006.0,3119.0,171772
2019-08-05,3117.0,3213.0,3101.0,3213.0,119974
2019-08-06,3212.0,3262.0,3196.0,3222.0,96820
2019-08-07,3229.0,3274.0,3221.0,3245.0,133508
2019-08-08,3240.0,3281.0,3230.0,3260.0,128558
2019-08-09,3265.0,3324.0,3235.0,3283.0,156872
2019-08-12,3284.0,3305.0,3260.0,3299.0,122176
2019-08-13,3295.0,3369.0,3265.0,3331.0,115532
2019-08-14,3332.0,3337.0,3222.0,3243.0,173310
2019-08-15,3248.0,3272.0,3229.0,3256.0,82380
2019-08-16,3260.0,3295.0,3238.0,3244.0,71258
2019-08-19,3260.0,3290.0,3228.0,3267.0,77952
2019-08-20,3272.0,3288.0,3243.0,3285.0,74952
2019-08-21,3284.0,3314.0,3280.0,3288.0,99964
2019-08-22,3296.0,3312.0,3284.0,3307.0,67932
2019-08-23,3301.0,3350.0,3301.0,3350.0,87960
2019-08-26,3351.0,3407.0,3312.0,3373.0,95678
2019-08-27,3372.0,3372.0,3260.0,3280.0,78632
2019-08-28,3294.0,3318.0,3279.0,3296.0,70906
2019-08-29,3290.0,3350.0,3281.0,3346.0,201980
2019-08-30,3350.0,3350.0,3298.0,3307.0,251994
2019-09-02,3312.0,3431.0,3302.0,3420.0,181424
2019-09-03,3421.0,3468.0,3384.0,3446.0,178090
2019-09-04,3460.0,3486.0,3437.0,3443.0,170554
2019-09-05,3444.0,3450.0,3367.0,3390.0,160032
2019-09-06,3388.0,3398.0,3265.0,3265.0,138594
2019-09-09,3264.0,3285.0,3180.0,3253.0,85468
2019-09-10,3248.0,3263.0,3224.0,3251.0,42198
2019-09-11,3250.0,3276.0,3200.0,3219.0,79392
2019-09-12,3218.0,3238.0,3206.0,3223.0,49840
2019-09-16,3218.0,3236.0,3184.0,3222.0,54260
2019-09-17,3226.0,3262.0,3212.0,3253.0,90314
2019-09-18,3245.0,3260.0,3222.0,3248.0,64656
2019-09-19,3244.0,3272.0,3226.0,3234.0,64138
2019-09-20,3228.0,3239.0,3152.0,3191.0,126022
2019-09-23,3197.0,3266.0,3166.0,3234.0,110152
2019-09-24,3239.0,3242.0,3197.0,3209.0,77816
2019-09-25,3217.0,3259.0,3203.0,3238.0,109064
2019-09-26,3230.0,3239.0,3179.0,3183.0,109540
2019-09-27,3194.0,3211.0,3120.0,3140.0,120020
2019-09-30,3134.0,3198.0,3134.0,3197.0,92896
2019-10-08,3222.0,3250.0,3215.0,3218.0,65522
2019-10-09,3203.0,3287.0,3203.0,3276.0,142384
2019-10-10,3265.0,3275.0,3232.0,3244.0,143826
2019-10-11,3259.0,3344.0,3245.0,3334.0,133800
2019-10-14,3317.0,3330.0,3256.0,3277.0,113224
2019-10-15,3276.0,3328.0,3273.0,3301.0,126556
2019-10-16,3292.0,3303.0,3269.0,3294.0,130228
2019-10-17,3290.0,3312.0,3266.0,3306.0,124596
2019-10-18,3311.0,3358.0,3293.0,3301.0,135226
2019-10-21,3318.0,3385.0,3289.0,3377.0,98198
2019-10-22,3372.0,3394.0,3357.0,3373.0,93946
2019-10-23,3380.0,3429.0,3357.0,3418.0,133882
2019-10-24,3418.0,3424.0,3383.0,3422.0,87336
2019-10-25,3412.0,3470.0,3406.0,3449.0,120164
2019-10-28,3454.0,3455.0,3370.0,3371.0,91646
2019-10-29,3372.0,3395.0,3348.0,3370.0,97256
2019-10-30,3374.0,3421.0,3371.0,3387.0,135498
2019-10-31,3387.0,3407.0,3356.0,3364.0,178686
2019-11-01,3336.0,3347.0,3303.0,3343.0,112416
2019-11-04,3343.0,3372.0,3338.0,3354.0,177744
2019-11-05,3370.0,3380.0,3341.0,3348.0,134370
2019-11-06,3331.0,3345.0,3256.0,3287.0,171836
2019-11-07,3297.0,3311.0,3270.0,3276.0,88436
2019-11-08,3259.0,3304.0,3227.0,3303.0,144670
2019-11-11,3290.0,3321.0,3258.0,3266.0,140102
2019-11-12,3272.0,3278.0,3232.0,3271.0,108878
2019-11-13,3275.0,3275.0,3247.0,3255.0,74860
2019-11-14,3266.0,3266.0,3221.0,3237.0,95212
2019-11-15,3236.0,3241.0,3193.0,3217.0,97146
2019-11-18,3202.0,3265.0,3202.0,3233.0,91102
2019-11-19,3232.0,3243.0,3217.0,3226.0,98158
2019-11-20,3225.0,3257.0,3225.0,3254.0,98940
2019-11-21,3254.0,3264.0,3234.0,3241.0,113522
2019-11-22,3244.0,3247.0,3202.0,3210.0,101178
2019-11-25,3214.0,3246.0,3201.0,3237.0,123892
2019-11-26,3236.0,3251.0,3192.0,3211.0,102030
2019-11-27,3205.0,3212.0,3172.0,3180.0,114960
2019-11-28,3180.0,3203.0,3180.0,3188.0,122830
2019-11-29,3188.0,3194.0,3144.0,3178.0,245908
2019-12-02,3189.0,3189.0,3140.0,3142.0,174824
2019-12-03,3141.0,3169.0,3121.0,3159.0,181320
2019-12-04,3164.0,3182.0,3141.0,3149.0,130632
2019-12-05,3148.0,3165.0,3111.0,3165.0,105492
2019-12-06,3160.0,3202.0,3151.0,3183.0,134094
2019-12-09,3180.0,3221.0,3180.0,3211.0,98138
2019-12-10,3202.0,3231.0,3190.0,3197.0,113934
2019-12-11,3197.0,3227.0,3183.0,3198.0,98592
2019-12-12,3199.0,3211.0,3183.0,3191.0,71342
2019-12-13,3185.0,3202.0,3131.0,3164.0,111594
2019-12-16,3169.0,3232.0,3169.0,3223.0,100308
2019-12-17,3232.0,3319.0,3226.0,3243.0,100324
2019-12-18,3247.0,3267.0,3241.0,3257.0,87954
2019-12-19,3256.0,3257.0,3227.0,3233.0,66994
2019-12-20,3233.0,3263.0,3230.0,3238.0,60348
2019-12-23,3244.0,3257.0,3232.0,3254.0,71490
2019-12-24,3246.0,3263.0,3233.0,3251.0,64012
2019-12-25,3250.0,3252.0,3228.0,3233.0,42510
2019-12-26,3240.0,3240.0,3208.0,3226.0,43836
2019-12-27,3226.0,3347.0,3225.0,3275.0,129290
2019-12-30,3267.0,3322.0,3267.0,3310.0,139832
2019-12-31,3316.0,3332.0,3300.0,3312.0,315556
2020-01-02,3295.0,3298.0,3274.0,3292.0,82182
2020-01-03,3270.0,3336.0,3268.0,3299.0,66839
2020-01-06,3294.0,3308.0,3190.0,3263.0,69782
2020-01-07,3268.0,3268.0,3242.0,3250.0,35362
2020-01-08,3245.0,3254.0,3216.0,3229.0,46238
2020-01-09,3226.0,3236.0,3199.0,3214.0,30681
2020-01-10,3205.0,3224.0,3162.0,3184.0,38813
2020-01-13,3193.0,3215.0,3157.0,3165.0,37520
2020-01-14,3174.0,3174.0,3134.0,3143.0,32571
2020-01-15,3155.0,3169.0,3143.0,3158.0,32247
2020-01-16,3156.0,3168.0,3124.0,3152.0,38278
2020-01-17,3142.0,3155.0,3110.0,3135.0,54543
2020-01-20,3141.0,3159.0,3125.0,3142.0,37221
2020-01-21,3149.0,3175.0,3133.0,3146.0,72767
2020-01-22,3151.0,3154.0,3086.0,3119.0,95080
2020-01-23,3119.0,3145.0,3087.0,3100.0,41220
2020-02-03,2986.0,2995.0,2959.0,2959.0,8606
2020-02-04,2912.0,3065.0,2912.0,3065.0,27116
2020-02-05,3060.0,3071.0,3039.0,3048.0,23804
2020-02-06,3042.0,3085.0,3042.0,3083.0,17888
2020-02-07,3088.0,3116.0,3081.0,3116.0,15138
2020-02-10,3126.0,3213.0,3113.0,3159.0,36179
2020-02-11,3098.0,3108.0,3086.0,3088.0,21397
2020-02-12,3095.0,3149.0,3063.0,3076.0,36644
2020-02-13,3092.0,3101.0,3067.0,3080.0,47486
2020-02-14,3083.0,3088.0,3060.0,3066.0,29061
2020-02-17,3063.0,3090.0,3063.0,3086.0,24748
2020-02-18,3078.0,3084.0,3042.0,3043.0,30611
2020-02-19,3048.0,3058.0,3036.0,3050.0,28845
2020-02-20,3046.0,3075.0,3045.0,3071.0,35389
2020-02-21,3070.0,3084.0,3060.0,3067.0,27425
2020-02-24,3060.0,3062.0,3017.0,3026.0,30615
2020-02-25,3016.0,3025.0,2991.0,3024.0,26802
2020-02-26,3029.0,3029.0,3004.0,3016.0,31070
2020-02-27,3010.0,3037.0,3010.0,3017.0,30680
2020-02-28,3030.0,3036.0,2936.0,2947.0,61517
2020-03-02,2964.0,3070.0,2953.0,3061.0,60059
2020-03-03,3069.0,3093.0,3044.0,3064.0,56143
2020-03-04,3070.0,3081.0,3052.0,3072.0,50191
2020-03-05,3076.0,3098.0,3061.0,3087.0,70931
2020-03-06,3056.0,3072.0,3049.0,3058.0,48561
2020-03-09,2966.0,3007.0,2939.0,2939.0,35872
2020-03-10,3000.0,3000.0,2955.0,2989.0,40653
2020-03-11,2978.0,3009.0,2960.0,2973.0,40814
2020-03-12,2962.0,2967.0,2896.0,2939.0,65423
2020-03-13,2908.0,3000.0,2906.0,2996.0,74439
2020-03-16,2957.0,3054.0,2956.0,3004.0,59846
2020-03-17,2994.0,3043.0,2980.0,3032.0,55057
2020-03-18,3038.0,3069.0,3009.0,3034.0,57432
2020-03-19,3012.0,3082.0,2988.0,3041.0,63315
2020-03-20,3090.0,3130.0,3078.0,3109.0,47569
2020-03-23,3110.0,3224.0,3109.0,3224.0,44901
2020-03-24,3262.0,3262.0,3181.0,3207.0,53980
2020-03-25,3190.0,3253.0,3190.0,3245.0,49620
2020-03-26,3238.0,3238.0,3144.0,3155.0,55397
2020-03-27,3189.0,3223.0,3172.0,3191.0,64288
2020-03-30,3201.0,3355.0,3201.0,3270.0,99915
2020-03-31,3264.0,3279.0,3206.0,3219.0,56544
2020-04-01,3240.0,3240.0,3090.0,3109.0,57930
2020-04-02,3089.0,3120.0,3058.0,3098.0,42023
2020-04-03,3116.0,3116.0,3031.0,3050.0,43244
2020-04-07,3068.0,3086.0,3040.0,3068.0,22913
2020-04-08,3060.0,3112.0,3036.0,3096.0,25079
2020-04-09,3112.0,3137.0,3083.0,3135.0,24913
2020-04-10,3124.0,3169.0,3121.0,3149.0,21940
2020-04-13,3144.0,3209.0,3128.0,3132.0,24440
2020-04-14,3137.0,3146.0,3049.0,3061.0,21438
2020-04-15,3005.0,3067.0,3005.0,3059.0,20397
2020-04-16,3059.0,3074.0,3014.0,3031.0,32299
2020-04-17,3056.0,3056.0,3017.0,3028.0,23809
2020-04-20,3036.0,3053.0,2967.0,2976.0,30183
2020-04-21,2966.0,2966.0,2904.0,2926.0,35174
2020-04-22,2964.0,2965.0,2932.0,2937.0,26290
2020-04-23,2931.0,3043.0,2931.0,3037.0,39711
2020-04-24,3030.0,3037.0,2981.0,2990.0,26341
2020-04-27,2951.0,2993.0,2929.0,2965.0,28161
2020-04-28,2985.0,2991.0,2931.0,2946.0,27626
2020-04-29,2958.0,2959.0,2917.0,2939.0,20861
2020-04-30,2956.0,2964.0,2932.0,2956.0,20806
2020-05-06,2942.0,2969.0,2908.0,2921.0,28570
2020-05-07,2940.0,2956.0,2913.0,2920.0,26915
2020-05-08,2906.0,2938.0,2880.0,2904.0,33715
2020-05-11,2916.0,2957.0,2894.0,2902.0,34625
2020-05-12,2903.0,2910.0,2848.0,2888.0,32675
2020-05-13,2896.0,2910.0,2867.0,2893.0,19938
2020-05-14,2919.0,2929.0,2813.0,2829.0,28859
2020-05-15,2829.0,2861.0,2824.0,2847.0,15739
2020-05-18,2847.0,2934.0,2841.0,2933.0,23490
2020-05-19,2933.0,2938.0,2902.0,2936.0,16979
2020-05-20,2934.0,2994.0,2930.0,2987.0,26034
2020-05-21,2985.0,3005.0,2931.0,2945.0,16209
2020-05-22,2928.0,2937.0,2895.0,2912.0,21468
2020-05-25,2912.0,2957.0,2906.0,2945.0,32753
2020-05-26,2939.0,2982.0,2933.0,2967.0,31129
2020-05-27,2957.0,3020.0,2955.0,3005.0,45243
2020-05-28,3012.0,3036.0,2985.0,2991.0,37334
2020-05-29,3000.0,3008.0,2960.0,2990.0,42189
2020-06-01,2990.0,3039.0,2973.0,3000.0,63039
2020-06-02,3000.0,3022.0,2968.0,2982.0,45951
2020-06-03,2972.0,3018.0,2972.0,3001.0,38670
2020-06-04,3010.0,3032.0,2998.0,3017.0,31477
2020-06-05,3011.0,3053.0,3008.0,3024.0,31137
2020-06-08,3038.0,3038.0,2995.0,3008.0,24888
2020-06-09,3000.0,3037.0,2979.0,3025.0,31026
2020-06-10,3011.0,3023.0,2994.0,3005.0,18395
2020-06-11,3015.0,3015.0,2946.0,2958.0,20596
2020-06-12,2958.0,3016.0,2944.0,3016.0,19761
2020-06-15,3011.0,3054.0,2922.0,2931.0,40580
2020-06-16,2930.0,2985.0,2926.0,2961.0,18264
2020-06-17,2956.0,2977.0,2915.0,2931.0,14064
2020-06-18,2924.0,2949.0,2919.0,2946.0,9575
2020-06-19,3039.0,3074.0,3030.0,3065.0,19795
2020-06-22,3065.0,3099.0,3064.0,3085.0,27811
2020-06-23,3075.0,3129.0,3056.0,3060.0,27583
2020-06-24,3058.0,3067.0,3042.0,3054.0,18278
2020-06-29,3050.0,3050.0,3002.0,3005.0,17497
2020-06-30,3005.0,3034.0,3003.0,3014.0,17555
2020-07-01,3015.0,3097.0,3005.0,3090.0,37406
2020-07-02,3098.0,3156.0,3080.0,3132.0,48042
2020-07-03,3130.0,3153.0,3115.0,3146.0,22849
2020-07-06,3155.0,3190.0,3134.0,3178.0,48718
2020-07-07,3241.0,3255.0,3204.0,3206.0,23783
2020-07-08,3198.0,3218.0,3186.0,3195.0,25982
2020-07-09,3202.0,3224.0,3198.0,3222.0,33515
2020-07-10,3227.0,3253.0,3212.0,3230.0,37958
2020-07-13,3240.0,3246.0,3171.0,3193.0,37316
2020-07-14,3193.0,3205.0,3168.0,3187.0,27174
2020-07-15,3196.0,3249.0,3190.0,3224.0,26811
2020-07-16,3222.0,3259.0,3198.0,3242.0,34558
2020-07-17,3251.0,3304.0,3238.0,3291.0,44713
2020-07-20,3282.0,3356.0,3280.0,3330.0,52156
2020-07-21,3330.0,3351.0,3312.0,3318.0,40807
2020-07-22,3328.0,3364.0,3320.0,3331.0,43893
2020-07-23,3349.0,3463.0,3331.0,3396.0,99160
2020-07-24,3380.0,3439.0,3374.0,3436.0,51882
2020-07-27,3443.0,3526.0,3418.0,3447.0,106663
2020-07-28,3464.0,3465.0,3318.0,3326.0,70214
2020-07-29,3326.0,3346.0,3305.0,3335.0,39363
2020-07-30,3330.0,3353.0,3302.0,3343.0,37646
2020-07-31,3325.0,3373.0,3287.0,3354.0,47632
2020-08-03,3369.0,3411.0,3341.0,3409.0,48127
2020-08-04,3410.0,3432.0,3388.0,3418.0,33082
2020-08-05,3410.0,3418.0,3335.0,3337.0,34236
2020-08-06,3348.0,3351.0,3276.0,3299.0,38208
2020-08-07,3300.0,3328.0,3255.0,3266.0,29493
2020-08-10,3285.0,3302.0,3238.0,3261.0,28212
2020-08-11,3270.0,3280.0,3237.0,3256.0,27259
2020-08-12,3255.0,3268.0,3220.0,3236.0,34400
2020-08-13,3227.0,3344.0,3226.0,3336.0,51763
2020-08-14,3337.0,3384.0,3333.0,3361.0,56245
2020-08-17,3360.0,3411.0,3341.0,3403.0,43157
2020-08-18,3405.0,3427.0,3398.0,3415.0,32135
2020-08-19,3422.0,3439.0,3372.0,3410.0,41457
2020-08-20,3415.0,3432.0,3360.0,3362.0,42932
2020-08-21,3353.0,3371.0,3312.0,3335.0,40837
2020-08-24,3333.0,3333.0,3298.0,3313.0,37583
2020-08-25,3321.0,3381.0,3307.0,3367.0,45842
2020-08-26,3367.0,3586.0,3348.0,3405.0,52664
2020-08-27,3397.0,3412.0,3378.0,3402.0,35061
2020-08-28,3430.0,3461.0,3420.0,3436.0,53446
2020-08-31,3438.0,3491.0,3422.0,3455.0,43053
2020-09-01,3455.0,3462.0,3372.0,3424.0,41927
2020-09-02,3410.0,3438.0,3397.0,3418.0,31792
2020-09-03,3401.0,3480.0,3390.0,3430.0,42300
2020-09-04,3431.0,3460.0,3374.0,3457.0,42056
2020-09-07,3441.0,3510.0,3427.0,3467.0,53019
2020-09-08,3500.0,3565.0,3500.0,3555.0,32245
2020-09-09,3545.0,3545.0,3489.0,3510.0,53849
2020-09-10,3530.0,3555.0,3511.0,3520.0,47591
2020-09-11,3521.0,3607.0,3504.0,3598.0,62929
2020-09-14,3597.0,3701.0,3581.0,3678.0,89430
2020-09-15,3673.0,3689.0,3634.0,3664.0,68936
2020-09-16,3660.0,3680.0,3585.0,3615.0,71720
2020-09-17,3622.0,3706.0,3622.0,3662.0,83301
2020-09-18,3646.0,3764.0,3638.0,3754.0,74522
2020-09-21,3754.0,3809.0,3725.0,3775.0,81166
2020-09-22,3766.0,3779.0,3655.0,3664.0,95327
2020-09-23,3674.0,3726.0,3593.0,3625.0,84849
2020-09-24,3634.0,3680.0,3576.0,3602.0,76899
2020-09-25,3617.0,3619.0,3560.0,3594.0,65241
2020-09-28,3596.0,3632.0,3563.0,3600.0,63065
2020-09-29,3608.0,3628.0,3532.0,3542.0,48377
2020-09-30,3527.0,3542.0,3484.0,3512.0,49900
2020-10-09,3631.0,3788.0,3631.0,3772.0,50540
2020-10-12,3793.0,3851.0,3746.0,3824.0,51148
2020-10-13,3795.0,3806.0,3716.0,3782.0,63858
2020-10-14,3786.0,3791.0,3740.0,3789.0,39899
2020-10-15,3789.0,3820.0,3737.0,3756.0,44785
2020-10-16,3650.0,3768.0,3650.0,3753.0,45090
2020-10-19,3772.0,3813.0,3693.0,3730.0,42305
2020-10-20,3739.0,3840.0,3726.0,3797.0,48007
2020-10-21,3787.0,3849.0,3782.0,3812.0,84077
2020-10-22,3818.0,3832.0,3750.0,3809.0,57615
2020-10-23,3810.0,3839.0,3730.0,3730.0,65379
2020-10-26,3732.0,3835.0,3725.0,3811.0,62616
2020-10-27,3811.0,3834.0,3788.0,3810.0,44427
2020-10-28,3810.0,3855.0,3732.0,3764.0,85253
2020-10-29,3714.0,3723.0,3650.0,3690.0,59631
2020-10-30,3686.0,3724.0,3660.0,3662.0,63917
2020-11-02,3691.0,3736.0,3637.0,3665.0,49475
2020-11-03,3665.0,3753.0,3660.0,3753.0,38843
2020-11-04,3754.0,3797.0,3742.0,3786.0,32987
2020-11-05,3804.0,3901.0,3781.0,3869.0,60568
2020-11-06,3889.0,3903.0,3850.0,3862.0,45155
2020-11-09,3864.0,3867.0,3752.0,3757.0,38266
2020-11-10,3793.0,3817.0,3708.0,3750.0,35217
2020-11-11,3758.0,3899.0,3741.0,3893.0,39527
2020-11-12,3872.0,3885.0,3822.0,3829.0,30354
2020-11-13,3832.0,3854.0,3789.0,3816.0,30451
2020-11-16,3797.0,3820.0,3759.0,3780.0,58417
2020-11-17,3796.0,3848.0,3749.0,3841.0,38585
2020-11-18,3841.0,3883.0,3736.0,3883.0,74396
2020-11-19,3882.0,3960.0,3879.0,3939.0,102912
2020-11-20,3911.0,3954.0,3890.0,3915.0,69525
2020-11-23,3920.0,3986.0,3893.0,3900.0,77023
2020-11-24,3908.0,3927.0,3830.0,3841.0,80118
2020-11-25,3849.0,3854.0,3818.0,3823.0,30180
2020-11-26,3823.0,3832.0,3784.0,3823.0,47399
2020-11-27,3823.0,3837.0,3751.0,3780.0,52922
2020-11-30,3792.0,3876.0,3704.0,3797.0,92659
2020-12-01,3774.0,3822.0,3708.0,3722.0,67893
2020-12-02,3745.0,3748.0,3643.0,3645.0,75850
2020-12-03,3635.0,3703.0,3606.0,3677.0,64761
2020-12-04,3700.0,3720.0,3664.0,3718.0,49783
2020-12-07,3710.0,3734.0,3688.0,3709.0,51971
2020-12-08,3706.0,3714.0,3657.0,3663.0,63559
2020-12-09,3663.0,3709.0,3650.0,3703.0,59007
2020-12-10,3714.0,3763.0,3689.0,3755.0,68731
2020-12-11,3756.0,3800.0,3453.0,3734.0,64131
2020-12-14,3727.0,3795.0,3693.0,3790.0,53441
2020-12-15,3786.0,3795.0,3708.0,3750.0,54586
2020-12-16,3754.0,3825.0,3735.0,3820.0,76679
2020-12-17,3819.0,3842.0,3787.0,3801.0,57195
2020-12-18,3797.0,3870.0,3764.0,3864.0,72334
2020-12-21,3869.0,3950.0,3846.0,3932.0,69216
2020-12-22,3904.0,4010.0,3865.0,3910.0,52587
2020-12-23,3921.0,3976.0,3910.0,3975.0,42541
2020-12-24,4000.0,4046.0,3986.0,4032.0,82153
2020-12-25,4035.0,4054.0,3960.0,4045.0,59865
2020-12-28,4074.0,4078.0,3960.0,3981.0,71895
2020-12-29,3956.0,4002.0,3920.0,3946.0,53764
2020-12-30,3937.0,4097.0,3932.0,4071.0,64218
2020-12-31,4045.0,4179.0,4042.0,4173.0,76718
2021-01-04,4163.0,4268.0,4162.0,4192.0,43386
2021-01-05,4210.0,4212.0,4124.0,4166.0,45130
2021-01-06,4182.0,4256.0,4165.0,4239.0,50182
2021-01-07,4265.0,4279.0,4200.0,4229.0,40474
2021-01-08,4225.0,4303.0,4202.0,4288.0,44551
2021-01-11,4295.0,4579.0,4293.0,4570.0,112392
2021-01-12,4582.0,4585.0,4406.0,4440.0,89263
2021-01-13,4438.0,4626.0,4402.0,4483.0,57717
2021-01-14,4471.0,4505.0,4338.0,4390.0,38602
2021-01-15,4387.0,4447.0,4322.0,4326.0,40368
2021-01-18,4354.0,4405.0,4310.0,4352.0,56163
2021-01-19,4368.0,4418.0,4302.0,4328.0,67318
2021-01-20,4317.0,4346.0,4168.0,4199.0,81850
2021-01-21,4214.0,4265.0,4171.0,4247.0,56175
2021-01-22,4250.0,4279.0,4122.0,4144.0,59711
2021-01-25,4120.0,4197.0,4013.0,4076.0,65079
2021-01-26,4068.0,4153.0,4050.0,4129.0,35643
2021-01-27,4177.0,4298.0,4155.0,4292.0,51783
2021-01-28,4283.0,4309.0,4223.0,4258.0,47333
2021-01-29,4320.0,4327.0,4200.0,4287.0,38302
2021-02-01,4267.0,4299.0,4160.0,4255.0,56574
2021-02-02,4239.0,4247.0,4106.0,4110.0,46704
2021-02-03,4080.0,4101.0,4016.0,4054.0,54486
2021-02-04,4069.0,4164.0,4055.0,4139.0,41590
2021-02-05,4121.0,4240.0,4112.0,4218.0,43746
2021-02-08,4218.0,4249.0,4168.0,4195.0,27902
2021-02-09,4213.0,4365.0,4205.0,4336.0,31986
2021-02-10,4327.0,4350.0,4261.0,4302.0,24714
2021-02-18,4302.0,4485.0,4302.0,4433.0,20172
2021-02-19,4432.0,4519.0,4386.0,4488.0,21785
2021-02-22,4306.0,4444.0,4283.0,4432.0,24473
2021-02-23,4448.0,4484.0,4322.0,4452.0,56531
2021-02-24,4422.0,4453.0,4377.0,4424.0,49009
2021-02-25,4430.0,4526.0,4410.0,4436.0,53186
2021-02-26,4473.0,4485.0,4280.0,4310.0,61323
2021-03-01,4310.0,4466.0,4286.0,4409.0,46158
2021-03-02,4409.0,4450.0,4238.0,4312.0,43073
2021-03-03,4320.0,4440.0,4320.0,4391.0,39927
2021-03-04,4354.0,4435.0,4302.0,4386.0,38240
2021-03-05,4399.0,4451.0,4263.0,4419.0,44338
2021-03-08,4253.0,4417.0,4234.0,4359.0,46270
2021-03-09,4338.0,4356.0,4261.0,4265.0,50970
2021-03-10,4301.0,4309.0,4146.0,4178.0,62984
2021-03-11,4170.0,4178.0,3990.0,4091.0,90047
2021-03-12,4091.0,4163.0,4084.0,4105.0,54073
2021-03-15,4068.0,4153.0,4061.0,4129.0,55368
2021-03-16,4118.0,4260.0,4118.0,4163.0,68192
2021-03-17,4143.0,4227.0,4143.0,4180.0,59636
2021-03-18,4160.0,4166.0,4067.0,4099.0,73579
2021-03-19,4085.0,4090.0,4003.0,4026.0,91039
2021-03-22,4020.0,4078.0,4005.0,4037.0,64801
2021-03-23,4060.0,4094.0,4013.0,4066.0,58507
2021-03-24,4050.0,4167.0,4033.0,4162.0,79313
2021-03-25,4162.0,4202.0,4147.0,4186.0,66191
2021-03-26,4156.0,4175.0,4070.0,4080.0,75036
2021-03-29,4108.0,4117.0,3955.0,3976.0,81561
2021-03-30,3998.0,4016.0,3927.0,3933.0,71178
2021-03-31,3925.0,3945.0,3837.0,3924.0,67265
2021-04-01,3918.0,4203.0,3918.0,4134.0,85836
2021-04-02,4125.0,4137.0,4056.0,4127.0,56538
2021-04-06,4120.0,4158.0,4073.0,4135.0,28207
2021-04-07,4141.0,4189.0,4105.0,4182.0,49521
2021-04-08,4151.0,4175.0,4091.0,4105.0,34370
2021-04-09,4090.0,4150.0,4063.0,4073.0,45389
2021-04-12,4083.0,4088.0,3978.0,3993.0,43683
2021-04-13,4003.0,4014.0,3921.0,3993.0,39337
2021-04-14,4070.0,4080.0,4013.0,4046.0,47715
2021-04-15,4046.0,4113.0,4039.0,4101.0,65254
2021-04-16,4102.0,4193.0,4083.0,4179.0,58910
2021-04-19,4162.0,4224.0,4149.0,4174.0,42902
2021-04-20,4171.0,4231.0,4135.0,4212.0,47976
2021-04-21,4215.0,4276.0,4215.0,4258.0,42598
2021-04-22,4222.0,4341.0,4212.0,4319.0,47874
2021-04-23,4329.0,4374.0,4305.0,4348.0,51335
2021-04-26,4319.0,4410.0,4302.0,4327.0,49713
2021-04-27,4342.0,4372.0,4279.0,4344.0,58584
2021-04-28,4344.0,4359.0,4190.0,4214.0,69956
2021-04-29,4230.0,4243.0,4176.0,4183.0,53187
2021-04-30,4210.0,4212.0,4106.0,4132.0,55075
2021-05-06,4182.0,4311.0,4150.0,4281.0,42921
2021-05-07,4298.0,4424.0,4291.0,4366.0,54168
2021-05-10,4387.0,4402.0,4308.0,4348.0,54087
2021-05-11,4348.0,4397.0,4237.0,4304.0,43302
2021-05-12,4330.0,4461.0,4298.0,4416.0,55372
2021-05-13,4400.0,4490.0,4319.0,4373.0,50848
2021-05-14,4330.0,4343.0,4215.0,4246.0,40183
2021-05-17,4347.0,4395.0,4302.0,4326.0,38790
2021-05-18,4326.0,4390.0,4326.0,4390.0,40011
2021-05-19,4377.0,4407.0,4270.0,4305.0,49110
2021-05-20,4250.0,4308.0,4206.0,4300.0,53761
2021-05-21,4287.0,4287.0,4200.0,4200.0,44809
2021-05-24,4189.0,4214.0,4106.0,4192.0,45878
2021-05-25,4143.0,4239.0,4143.0,4213.0,36219
2021-05-26,4213.0,4242.0,4156.0,4218.0,37740
2021-05-27,4206.0,4206.0,4126.0,4127.0,50792
2021-05-28,4177.0,4309.0,4154.0,4260.0,59718
2021-05-31,4245.0,4269.0,4187.0,4193.0,50538
2021-06-01,4172.0,4271.0,4172.0,4224.0,38525
2021-06-02,4274.0,4324.0,4258.0,4299.0,38775
2021-06-03,4301.0,4420.0,4299.0,4398.0,49232
2021-06-04,4390.0,4398.0,4283.0,4305.0,50210
2021-06-07,4321.0,4433.0,4316.0,4409.0,38032
2021-06-08,4411.0,4426.0,4317.0,4340.0,38611
2021-06-09,4349.0,4392.0,4317.0,4325.0,36851
2021-06-10,4327.0,4370.0,4256.0,4367.0,34983
2021-06-11,4379.0,4380.0,4280.0,4307.0,30346
2021-06-15,3990.0,4248.0,3990.0,4076.0,27635
2021-06-16,4100.0,4100.0,4002.0,4024.0,23393
2021-06-17,4027.0,4111.0,3990.0,4040.0,33590
2021-06-18,4010.0,4014.0,3887.0,3919.0,55963
2021-06-21,3950.0,4029.0,3950.0,4017.0,50038
2021-06-22,4026.0,4098.0,4004.0,4046.0,58570
2021-06-23,4046.0,4085.0,4028.0,4066.0,46145
2021-06-24,4066.0,4113.0,4033.0,4067.0,52880
2021-06-25,4006.0,4101.0,3999.0,4086.0,50318
2021-06-28,4115.0,4129.0,3980.0,4115.0,68464
2021-06-29,4121.0,4155.0,4093.0,4121.0,42703
2021-06-30,4150.0,4176.0,4110.0,4164.0,45941
2021-07-01,4139.0,4352.0,4127.0,4343.0,60952
2021-07-02,4350.0,4398.0,4315.0,4385.0,47023
2021-07-05,4389.0,4398.0,4300.0,4342.0,40913
2021-07-06,4359.0,4377.0,4329.0,4357.0,31548
2021-07-07,4355.0,4355.0,4210.0,4269.0,45467
2021-07-08,4250.0,4282.0,4225.0,4281.0,33042
2021-07-09,4250.0,4291.0,4210.0,4288.0,34724
2021-07-12,4268.0,4342.0,4246.0,4297.0,32648
2021-07-13,4368.0,4401.0,4336.0,4393.0,29895
2021-07-14,4412.0,4437.0,4379.0,4433.0,45876
2021-07-15,4435.0,4483.0,4429.0,4453.0,55117
2021-07-16,4469.0,4480.0,4430.0,4457.0,52274
2021-07-19,4471.0,4594.0,4471.0,4506.0,66287
2021-07-20,4506.0,4523.0,4410.0,4521.0,71107
2021-07-21,4496.0,4550.0,4428.0,4464.0,65107
2021-07-22,4475.0,4496.0,4389.0,4404.0,52275
2021-07-23,4376.0,4394.0,4343.0,4378.0,60638
2021-07-26,4394.0,4396.0,4281.0,4315.0,50661
2021-07-27,4315.0,4478.0,4300.0,4372.0,42723
2021-07-28,4396.0,4434.0,4330.0,4331.0,52004
2021-07-29,4361.0,4420.0,4347.0,4420.0,43238
2021-07-30,4411.0,4438.0,4383.0,4436.0,45170
2021-08-02,4405.0,4410.0,4306.0,4346.0,61072
2021-08-03,4322.0,4357.0,4284.0,4336.0,45898
2021-08-04,4300.0,4352.0,4260.0,4339.0,57269
2021-08-05,4322.0,4360.0,4299.0,4306.0,42332
2021-08-06,4318.0,4376.0,4310.0,4342.0,42036
2021-08-09,4342.0,4436.0,4342.0,4422.0,48448
2021-08-10,4401.0,4456.0,4387.0,4438.0,36175
2021-08-11,4431.0,4490.0,4424.0,4488.0,29936
2021-08-12,4509.0,4509.0,4406.0,4419.0,29023
2021-08-13,4446.0,4500.0,4398.0,4496.0,28835
2021-08-16,4500.0,4574.0,4500.0,4539.0,36218
2021-08-17,4543.0,4588.0,4532.0,4559.0,25311
2021-08-18,4558.0,4569.0,4468.0,4505.0,50016
2021-08-19,4495.0,4508.0,4429.0,4440.0,41870
2021-08-20,4412.0,4426.0,4365.0,4408.0,38852
2021-08-23,4406.0,4423.0,4336.0,4379.0,48506
2021-08-24,4355.0,4405.0,4319.0,4399.0,39190
2021-08-25,4400.0,4448.0,4392.0,4406.0,45613
2021-08-26,4405.0,4455.0,4404.0,4419.0,47915
2021-08-27,4427.0,4431.0,4077.0,4410.0,64348
2021-08-30,4393.0,4496.0,4388.0,4436.0,61842
2021-08-31,4437.0,4475.0,4378.0,4473.0,53167
2021-09-01,4446.0,4595.0,4389.0,4591.0,57504
2021-09-02,4543.0,4612.0,4465.0,4542.0,71246
2021-09-03,4555.0,4591.0,4526.0,4556.0,46680
2021-09-06,4557.0,4583.0,4496.0,4525.0,35510
2021-09-07,4521.0,4602.0,4511.0,4570.0,33444
2021-09-08,4556.0,4586.0,4527.0,4572.0,41460
2021-09-09,4561.0,4639.0,4504.0,4532.0,56327
2021-09-10,4511.0,4611.0,4511.0,4515.0,49608
2021-09-13,4526.0,4650.0,4508.0,4612.0,45311
2021-09-14,4596.0,4604.0,4552.0,4570.0,35493
2021-09-15,4590.0,4592.0,4524.0,4558.0,26572
2021-09-16,4559.0,4655.0,4519.0,4635.0,32969
2021-09-17,4684.0,4756.0,4611.0,4624.0,38601
2021-09-22,4595.0,4629.0,4570.0,4624.0,27805
2021-09-23,4638.0,4719.0,4630.0,4712.0,52486
2021-09-24,4691.0,4720.0,4668.0,4671.0,39580
2021-09-27,4664.0,4691.0,4640.0,4666.0,48061
2021-09-28,4672.0,4672.0,4541.0,4617.0,47465
2021-09-29,4610.0,4624.0,4534.0,4578.0,38152
2021-09-30,4579.0,4638.0,4533.0,4588.0,38557
2021-10-08,4524.0,4643.0,4488.0,4490.0,33553
2021-10-11,4464.0,4565.0,4449.0,4492.0,46746
2021-10-12,4472.0,4514.0,4424.0,4439.0,36057
2021-10-13,4440.0,4453.0,4367.0,4405.0,31501
2021-10-14,4413.0,4461.0,4344.0,4456.0,31986
2021-10-15,4496.0,4496.0,4435.0,4477.0,21567
2021-10-18,4476.0,4556.0,4473.0,4549.0,24453
2021-10-19,4538.0,4590.0,4498.0,4526.0,26407
2021-10-20,4510.0,4560.0,4483.0,4547.0,20143
2021-10-21,4548.0,4664.0,4548.0,4601.0,22994
2021-10-22,4483.0,4489.0,4347.0,4349.0,26714
2021-10-25,4351.0,4433.0,4314.0,4406.0,49708
2021-10-26,4390.0,4509.0,4379.0,4417.0,30160
2021-10-27,4412.0,4437.0,4356.0,4401.0,35444
2021-10-28,4401.0,4449.0,4304.0,4347.0,49308
2021-10-29,4331.0,4389.0,4325.0,4334.0,31038
2021-11-01,4314.0,4366.0,4221.0,4225.0,33968
2021-11-02,4241.0,4266.0,4200.0,4248.0,27408
2021-11-03,4248.0,4274.0,4184.0,4271.0,21672
2021-11-04,4265.0,4271.0,4157.0,4171.0,29468
2021-11-05,4178.0,4193.0,4061.0,4088.0,26340
2021-11-08,4003.0,4021.0,3928.0,3997.0,35083
2021-11-09,3968.0,4006.0,3906.0,3954.0,52091
2021-11-10,3946.0,4035.0,3933.0,4017.0,38457
2021-11-11,4026.0,4087.0,4015.0,4080.0,29527
2021-11-12,4075.0,4109.0,4047.0,4089.0,28736
2021-11-15,4080.0,4154.0,4057.0,4092.0,31374
2021-11-16,4100.0,4151.0,4084.0,4115.0,29242
2021-11-17,4124.0,4139.0,4082.0,4126.0,30289
2021-11-18,4134.0,4182.0,4120.0,4170.0,35548
2021-11-19,4185.0,4228.0,4152.0,4218.0,45916
2021-11-22,4200.0,4211.0,4145.0,4153.0,36864
2021-11-23,4171.0,4254.0,4159.0,4197.0,41448
2021-11-24,4172.0,4225.0,4157.0,4220.0,38926
2021-11-25,4217.0,4238.0,4181.0,4198.0,30703
2021-11-26,4210.0,4210.0,4150.0,4184.0,29809
2021-11-29,4162.0,4210.0,4098.0,4189.0,46830
2021-11-30,4174.0,4192.0,4073.0,4083.0,38764
2021-12-01,4060.0,4120.0,4050.0,4117.0,32651
2021-12-02,4125.0,4125.0,4053.0,4075.0,24271
2021-12-03,4087.0,4172.0,4067.0,4161.0,31759
2021-12-06,4161.0,4197.0,4150.0,4157.0,29899
2021-12-07,4142.0,4179.0,4141.0,4166.0,29796
2021-12-08,4186.0,4191.0,4130.0,4145.0,26594
2021-12-09,4127.0,4298.0,4125.0,4263.0,48534
2021-12-10,4256.0,4266.0,4211.0,4231.0,31704
2021-12-13,4236.0,4260.0,4181.0,4183.0,26980
2021-12-14,4170.0,4189.0,4108.0,4113.0,29697
2021-12-15,4121.0,4168.0,4104.0,4134.0,27312
2021-12-16,4152.0,4236.0,4139.0,4217.0,31699
2021-12-17,4229.0,4256.0,4208.0,4227.0,22688
2021-12-20,4235.0,4237.0,4162.0,4176.0,20782
2021-12-21,4165.0,4226.0,4155.0,4203.0,16869
2021-12-22,4203.0,4280.0,4198.0,4279.0,20316
2021-12-23,4285.0,4379.0,4285.0,4357.0,33148
2021-12-24,4318.0,4411.0,4317.0,4403.0,22139
2021-12-27,4411.0,4484.0,4336.0,4353.0,22746
2021-12-28,4360.0,4415.0,4342.0,4384.0,31817
2021-12-29,4399.0,4408.0,4256.0,4333.0,39830
2021-12-30,4309.0,4371.0,4293.0,4325.0,27819
2021-12-31,4307.0,4314.0,4239.0,4247.0,34497
2022-01-04,4266.0,4378.0,4266.0,4375.0,25852
2022-01-05,4375.0,4458.0,4351.0,4420.0,38563
2022-01-06,4420.0,4420.0,4301.0,4305.0,36398
2022-01-07,4334.0,4366.0,4314.0,4336.0,25041
2022-01-10,4321.0,4422.0,4307.0,4386.0,29831
2022-01-11,4387.0,4414.0,4344.0,4397.0,24177
2022-01-12,4395.0,4397.0,4325.0,4377.0,28900
2022-01-13,4365.0,4451.0,4342.0,4414.0,26537
2022-01-14,4399.0,4419.0,4306.0,4348.0,27808
2022-01-17,4369.0,4375.0,4287.0,4343.0,25787
2022-01-18,4348.0,4397.0,4333.0,4370.0,24083
2022-01-19,4342.0,4425.0,4306.0,4406.0,32064
2022-01-20,4424.0,4515.0,4402.0,4475.0,45010
2022-01-21,4455.0,4517.0,4446.0,4492.0,33628
2022-01-24,4393.0,4404.0,4313.0,4331.0,30941
2022-01-25,4300.0,4344.0,4229.0,4329.0,37625
2022-01-26,4330.0,4380.0,4313.0,4350.0,35340
2022-01-27,4358.0,4517.0,4348.0,4485.0,35949
2022-01-28,4496.0,4538.0,4480.0,4530.0,35092
2022-02-07,4759.0,4870.0,4730.0,4748.0,21280
2022-02-08,4799.0,4913.0,4788.0,4828.0,44039
2022-02-09,4837.0,4893.0,4809.0,4881.0,29505
2022-02-10,4916.0,4998.0,4887.0,4970.0,49784
2022-02-11,4987.0,5060.0,4881.0,4921.0,50173
2022-02-14,4961.0,5074.0,4960.0,4991.0,59098
2022-02-15,4965.0,4965.0,4889.0,4918.0,45496
2022-02-16,4858.0,4934.0,4843.0,4909.0,43698
2022-02-17,4929.0,5012.0,4867.0,4993.0,42116
2022-02-18,5008.0,5100.0,5008.0,5084.0,52117
2022-02-21,5103.0,5145.0,5058.0,5116.0,46686
2022-02-22,5116.0,5273.0,5114.0,5272.0,53701
2022-02-23,5222.0,5342.0,5093.0,5300.0,72868
2022-02-24,5281.0,5621.0,5252.0,5608.0,63640
2022-02-25,5188.0,5281.0,4977.0,5007.0,56511
2022-02-28,4950.0,5040.0,4836.0,5033.0,80334
2022-03-01,4970.0,5245.0,4970.0,5143.0,72806
2022-03-02,5202.0,5298.0,5071.0,5126.0,82832
2022-03-03,5173.0,5238.0,5093.0,5197.0,56898
2022-03-04,5117.0,5210.0,5060.0,5108.0,59173
2022-03-07,5148.0,5316.0,5135.0,5288.0,51731
2022-03-08,5246.0,5411.0,5150.0,5367.0,53777
2022-03-09,5300.0,5550.0,5287.0,5493.0,58291
2022-03-10,5430.0,5444.0,5241.0,5330.0,49831
2022-03-11,5336.0,5484.0,5324.0,5361.0,44077
2022-03-14,5335.0,5364.0,5224.0,5350.0,44346
2022-03-15,5336.0,5350.0,5192.0,5211.0,38985
2022-03-16,5179.0,5354.0,5116.0,5331.0,39422
2022-03-17,5348.0,5388.0,5238.0,5266.0,38747
2022-03-18,5120.0,5237.0,5120.0,5226.0,34301
2022-03-21,5162.0,5238.0,5126.0,5210.0,36546
2022-03-22,5275.0,5361.0,5174.0,5334.0,48264
2022-03-23,5270.0,5336.0,5255.0,5319.0,36810
2022-03-24,5334.0,5474.0,5304.0,5304.0,54372
2022-03-25,5318.0,5381.0,5232.0,5264.0,48439
2022-03-28,5270.0,5304.0,5202.0,5204.0,40113
2022-03-29,5175.0,5190.0,5108.0,5124.0,34768
2022-03-30,5011.0,5083.0,4987.0,5033.0,38933
2022-03-31,5074.0,5110.0,5012.0,5074.0,31328
2022-04-01,5075.0,5101.0,4842.0,4842.0,38809
2022-04-06,4925.0,4961.0,4887.0,4930.0,19931
2022-04-07,4931.0,4937.0,4879.0,4903.0,24618
2022-04-08,4918.0,5003.0,4885.0,4978.0,28493
2022-04-11,4986.0,5076.0,4986.0,5048.0,28504
2022-04-12,5002.0,5087.0,4990.0,5084.0,24557
2022-04-13,5096.0,5107.0,5026.0,5073.0,24721
2022-04-14,5050.0,5152.0,5046.0,5135.0,21444
2022-04-15,5155.0,5192.0,5085.0,5164.0,24518
2022-04-18,5184.0,5194.0,5112.0,5166.0,22082
2022-04-19,5148.0,5315.0,5148.0,5305.0,24613
2022-04-20,5255.0,5339.0,5236.0,5287.0,28615
2022-04-21,5320.0,5380.0,5271.0,5367.0,21704
2022-04-22,5322.0,5369.0,5288.0,5298.0,30295
2022-04-25,5408.0,5446.0,5189.0,5192.0,41465
2022-04-26,5136.0,5198.0,5090.0,5180.0,25027
2022-04-27,5188.0,5292.0,5183.0,5267.0,44767
2022-04-28,5329.0,5372.0,5260.0,5356.0,41298
2022-04-29,5362.0,5432.0,5317.0,5369.0,34273
2022-05-05,5355.0,5355.0,5262.0,5312.0,22351
2022-05-06,5275.0,5343.0,5166.0,5170.0,35046
2022-05-09,5175.0,5200.0,5074.0,5087.0,37187
2022-05-10,5050.0,5113.0,4959.0,5081.0,38805
2022-05-11,5068.0,5110.0,5022.0,5105.0,31543
2022-05-12,5091.0,5161.0,5068.0,5103.0,31128
2022-05-13,5078.0,5314.0,5078.0,5281.0,37095
2022-05-16,5291.0,5421.0,5268.0,5406.0,34417
2022-05-17,5417.0,5425.0,5316.0,5354.0,29411
2022-05-18,5367.0,5412.0,5335.0,5345.0,21259
2022-05-19,5352.0,5361.0,5279.0,5312.0,21082
2022-05-20,5312.0,5397.0,5273.0,5390.0,25776
2022-05-23,5365.0,5438.0,5345.0,5386.0,24203
2022-05-24,5445.0,5446.0,5340.0,5361.0,28133
2022-05-25,5401.0,5430.0,5348.0,5396.0,38294
2022-05-26,5341.0,5420.0,5336.0,5417.0,37803
2022-05-27,5400.0,5555.0,5400.0,5530.0,49060
2022-05-30,5554.0,5560.0,5491.0,5503.0,38929
2022-05-31,5473.0,5555.0,5473.0,5533.0,32937
2022-06-01,5515.0,5534.0,5374.0,5462.0,48780
2022-06-02,5446.0,5498.0,5418.0,5480.0,31501
2022-06-06,5566.0,5572.0,5506.0,5533.0,26663
2022-06-07,5508.0,5535.0,5459.0,5512.0,30192
2022-06-08,5500.0,5649.0,5489.0,5606.0,49273
2022-06-09,5631.0,5667.0,5515.0,5519.0,43049
2022-06-10,5545.0,5658.0,5524.0,5629.0,41816
2022-06-13,5629.0,5636.0,5434.0,5462.0,50474
2022-06-14,5464.0,5474.0,5395.0,5451.0,45821
2022-06-15,5454.0,5475.0,5368.0,5379.0,34892
2022-06-16,5365.0,5420.0,5347.0,5359.0,34627
2022-06-17,5373.0,5434.0,5329.0,5415.0,35474
2022-06-20,5416.0,5423.0,5231.0,5242.0,37218
2022-06-21,5218.0,5242.0,5154.0,5173.0,32281
2022-06-22,5152.0,5232.0,5039.0,5049.0,34096
2022-06-23,5064.0,5090.0,4826.0,4907.0,47302
2022-06-24,4886.0,4960.0,4743.0,4775.0,39504
2022-06-27,4735.0,4840.0,4668.0,4798.0,31186
2022-06-28,4824.0,4928.0,4809.0,4917.0,36897
2022-06-29,4921.0,4953.0,4845.0,4867.0,44983
2022-06-30,4892.0,4917.0,4862.0,4893.0,37717
2022-07-01,4870.0,4874.0,4689.0,4752.0,60013
2022-07-04,4760.0,4763.0,4589.0,4690.0,64696
2022-07-05,4699.0,4701.0,4573.0,4591.0,65268
2022-07-06,4589.0,4592.0,4360.0,4501.0,94799
2022-07-07,4516.0,4663.0,4468.0,4573.0,89876
2022-07-08,4647.0,4742.0,4625.0,4669.0,70731
2022-07-11,4666.0,4803.0,4626.0,4739.0,69525
2022-07-12,4720.0,4788.0,4690.0,4719.0,67737
2022-07-13,4691.0,4691.0,4491.0,4592.0,86680
2022-07-14,4561.0,4692.0,4517.0,4666.0,80949
2022-07-15,4603.0,4717.0,4567.0,4632.0,82285
2022-07-18,4653.0,4781.0,4633.0,4760.0,75102
2022-07-19,4798.0,4828.0,4717.0,4727.0,67896
2022-07-20,4666.0,4709.0,4613.0,4661.0,79419
2022-07-21,4655.0,4688.0,4607.0,4651.0,63065
2022-07-22,4572.0,4654.0,4552.0,4592.0,69080
2022-07-25,4635.0,4727.0,4602.0,4630.0,65015
2022-07-26,4655.0,4789.0,4655.0,4775.0,57367
2022-07-27,4789.0,4818.0,4735.0,4774.0,48621
2022-07-28,4804.0,4924.0,4792.0,4916.0,62888
2022-07-29,4877.0,4965.0,4855.0,4954.0,60640
2022-08-01,4985.0,5068.0,4898.0,4932.0,70654
2022-08-02,4878.0,4924.0,4816.0,4860.0,59022
2022-08-03,4850.0,4934.0,4822.0,4905.0,52466
2022-08-04,4875.0,4926.0,4741.0,4776.0,53118
2022-08-05,4853.0,4935.0,4794.0,4925.0,54087
2022-08-08,4865.0,4944.0,4834.0,4938.0,43940
2022-08-09,4923.0,4961.0,4902.0,4923.0,44174
2022-08-10,4950.0,4995.0,4935.0,4949.0,39745
2022-08-11,4970.0,5022.0,4915.0,4951.0,44082
2022-08-12,5009.0,5054.0,4978.0,5043.0,40413
2022-08-15,5020.0,5056.0,4925.0,4939.0,44128
2022-08-16,4870.0,4964.0,4870.0,4946.0,32070
2022-08-17,4956.0,4999.0,4903.0,4978.0,37741
2022-08-18,4958.0,4991.0,4915.0,4932.0,37795
2022-08-19,4962.0,5023.0,4893.0,5005.0,44133
2022-08-22,4985.0,5056.0,4969.0,5044.0,32000
2022-08-23,5079.0,5244.0,5057.0,5216.0,42812
2022-08-24,5176.0,5254.0,5168.0,5252.0,34647
2022-08-25,5253.0,5284.0,5211.0,5251.0,34931
2022-08-26,5231.0,5291.0,5184.0,5199.0,65973
2022-08-29,5210.0,5281.0,5199.0,5245.0,58983
2022-08-30,5250.0,5260.0,5139.0,5176.0,58588
2022-08-31,5135.0,5219.0,5131.0,5210.0,40999
2022-09-01,5170.0,5213.0,5112.0,5126.0,50061
2022-09-02,5101.0,5141.0,5052.0,5120.0,54292
2022-09-05,5130.0,5263.0,5130.0,5261.0,52607
2022-09-06,5245.0,5258.0,5171.0,5202.0,44383
2022-09-07,5195.0,5220.0,5124.0,5164.0,54943
2022-09-08,5173.0,5242.0,5135.0,5136.0,51673
2022-09-09,5101.0,5188.0,5087.0,5148.0,49520
2022-09-13,5358.0,5432.0,5290.0,5382.0,38841
2022-09-14,5370.0,5395.0,5346.0,5370.0,31516
2022-09-15,5368.0,5373.0,5255.0,5278.0,47033
2022-09-16,5281.0,5291.0,5215.0,5251.0,32635
2022-09-19,5232.0,5305.0,5216.0,5252.0,33304
2022-09-20,5237.0,5291.0,5192.0,5274.0,34751
2022-09-21,5251.0,5400.0,5232.0,5382.0,40077
2022-09-22,5346.0,5484.0,5346.0,5452.0,44794
2022-09-23,5440.0,5502.0,5373.0,5468.0,39785
2022-09-26,5308.0,5313.0,5195.0,5222.0,46466
2022-09-27,5242.0,5266.0,5206.0,5247.0,43769
2022-09-28,5260.0,5317.0,5225.0,5286.0,55761
2022-09-29,5286.0,5446.0,5262.0,5425.0,69191
2022-09-30,5422.0,5474.0,5381.0,5459.0,76352
2022-10-10,5439.0,5612.0,5362.0,5594.0,58365
2022-10-11,5615.0,5627.0,5553.0,5596.0,62644
2022-10-12,5586.0,5766.0,5583.0,5745.0,124259
2022-10-13,5735.0,5790.0,5714.0,5729.0,104826
2022-10-14,5724.0,5798.0,5697.0,5748.0,103842
2022-10-17,5729.0,5784.0,5652.0,5674.0,105897
2022-10-18,5712.0,5712.0,5597.0,5623.0,92790
2022-10-19,5626.0,5640.0,5525.0,5544.0,82569
2022-10-20,5520.0,5659.0,5503.0,5586.0,85198
2022-10-21,5600.0,5626.0,5523.0,5536.0,72177
2022-10-24,5533.0,5611.0,5461.0,5501.0,73684
2022-10-25,5487.0,5512.0,5383.0,5406.0,66029
2022-10-26,5415.0,5547.0,5374.0,5471.0,57859
2022-10-27,5501.0,5605.0,5431.0,5582.0,65981
2022-10-28,5223.0,5238.0,5105.0,5121.0,48440
2022-10-31,5137.0,5202.0,5079.0,5161.0,79095
2022-11-01,5146.0,5346.0,5146.0,5341.0,109823
2022-11-02,5326.0,5412.0,5321.0,5338.0,91638
2022-11-03,5322.0,5374.0,5282.0,5337.0,79858
2022-11-04,5330.0,5337.0,5265.0,5305.0,88075
2022-11-07,5306.0,5348.0,5255.0,5299.0,84637
2022-11-08,5301.0,5370.0,5280.0,5312.0,67471
2022-11-09,5299.0,5322.0,5234.0,5280.0,63345
2022-11-10,5306.0,5395.0,5270.0,5350.0,74424
2022-11-11,5279.0,5372.0,5248.0,5321.0,71353
2022-11-14,5319.0,5360.0,5194.0,5221.0,71640
2022-11-15,5240.0,5247.0,5180.0,5212.0,52550
2022-11-16,5200.0,5284.0,5195.0,5265.0,51232
2022-11-17,5222.0,5247.0,5151.0,5179.0,57005
2022-11-18,5198.0,5200.0,5132.0,5140.0,50362
2022-11-21,5145.0,5174.0,5085.0,5105.0,48420
2022-11-22,5125.0,5188.0,5081.0,5167.0,41202
2022-11-23,5162.0,5181.0,5108.0,5168.0,37306
2022-11-24,4922.0,5036.0,4922.0,5024.0,32879
2022-11-25,5006.0,5065.0,5002.0,5065.0,39937
2022-11-28,5042.0,5073.0,4949.0,4953.0,57858
2022-11-29,4969.0,5038.0,4935.0,5022.0,36520
2022-11-30,5017.0,5102.0,5017.0,5096.0,52752
2022-12-01,5113.0,5123.0,5057.0,5074.0,41847
2022-12-02,5066.0,5109.0,5008.0,5040.0,47032
2022-12-05,5039.0,5072.0,4997.0,5029.0,48255
2022-12-06,5032.0,5058.0,4988.0,5026.0,34581
2022-12-07,5049.0,5072.0,5023.0,5033.0,39100
2022-12-08,5053.0,5178.0,5044.0,5162.0,59633
2022-12-09,5138.0,5189.0,5138.0,5174.0,39635
2022-12-12,5189.0,5189.0,5047.0,5054.0,51128
2022-12-13,5049.0,5088.0,5039.0,5079.0,31195
2022-12-14,5080.0,5101.0,4978.0,4997.0,51888
2022-12-15,5017.0,5017.0,4913.0,4942.0,50011
2022-12-16,4958.0,5003.0,4925.0,4931.0,54120
2022-12-19,4925.0,4939.0,4867.0,4883.0,48933
2022-12-20,4907.0,4934.0,4847.0,4885.0,42346
2022-12-21,4886.0,4951.0,4886.0,4932.0,42006
2022-12-22,4910.0,4937.0,4887.0,4899.0,27829
2022-12-23,4919.0,4978.0,4874.0,4945.0,55071
2022-12-26,4933.0,5087.0,4919.0,5035.0,41307
2022-12-27,5010.0,5151.0,5010.0,5137.0,29372
2022-12-28,5099.0,5105.0,5032.0,5093.0,40910
2022-12-29,5108.0,5149.0,5078.0,5142.0,50918
2022-12-30,5142.0,5190.0,5121.0,5181.0,57824
2023-01-03,5172.0,5226.0,5148.0,5208.0,35563
2023-01-04,5170.0,5214.0,5118.0,5144.0,49754
2023-01-05,5125.0,5139.0,5067.0,5081.0,39074
2023-01-06,5093.0,5093.0,5021.0,5053.0,39240
2023-01-09,5052.0,5080.0,5022.0,5046.0,42736
2023-01-10,5047.0,5056.0,4918.0,4946.0,45261
2023-01-11,4935.0,4971.0,4920.0,4957.0,36370
2023-01-12,4957.0,5066.0,4957.0,5040.0,44217
2023-01-13,5027.0,5066.0,4986.0,5054.0,47988
2023-01-16,5034.0,5052.0,4991.0,5017.0,37040
2023-01-17,5030.0,5057.0,4982.0,5017.0,36617
2023-01-18,4965.0,5048.0,4940.0,5030.0,35299
2023-01-19,5005.0,5031.0,4950.0,4980.0,55453
2023-01-20,4961.0,4985.0,4918.0,4953.0,34356
2023-01-30,4963.0,5067.0,4963.0,5025.0,43858
2023-01-31,5034.0,5092.0,5026.0,5038.0,51809
2023-02-01,5032.0,5036.0,4965.0,4977.0,42777
2023-02-02,5002.0,5004.0,4895.0,4918.0,49177
2023-02-03,4938.0,4938.0,4860.0,4898.0,42081
2023-02-06,4883.0,4949.0,4883.0,4922.0,43182
2023-02-07,4897.0,4912.0,4847.0,4887.0,46024
2023-02-08,4891.0,4916.0,4875.0,4897.0,34308
2023-02-09,4917.0,4924.0,4837.0,4849.0,40648
2023-02-10,4888.0,4888.0,4806.0,4819.0,41359
2023-02-13,4804.0,4881.0,4784.0,4833.0,42992
2023-02-14,4828.0,4880.0,4817.0,4858.0,33160
2023-02-15,4718.0,4734.0,4659.0,4662.0,37526
2023-02-16,4655.0,4674.0,4597.0,4648.0,56248
2023-02-17,4632.0,4672.0,4622.0,4651.0,32992
2023-02-20,4652.0,4719.0,4629.0,4703.0,44211
2023-02-21,4703.0,4736.0,4692.0,4710.0,36141
2023-02-22,4719.0,4740.0,4686.0,4696.0,51082
2023-02-23,4699.0,4710.0,4616.0,4635.0,70413
2023-02-24,4653.0,4672.0,4612.0,4664.0,50653
2023-02-27,4671.0,4672.0,4598.0,4611.0,53340
2023-02-28,4636.0,4643.0,4557.0,4570.0,54564
2023-03-01,4566.0,4575.0,4518.0,4554.0,49683
2023-03-02,4536.0,4567.0,4534.0,4542.0,43417
2023-03-03,4552.0,4575.0,4522.0,4567.0,51586
2023-03-06,4570.0,4578.0,4522.0,4526.0,70289
2023-03-07,4536.0,4583.0,4517.0,4554.0,44548
2023-03-08,4540.0,4561.0,4502.0,4522.0,49533
2023-03-09,4530.0,4570.0,4511.0,4553.0,43171
2023-03-10,4537.0,4582.0,4480.0,4486.0,56375
2023-03-13,4495.0,4513.0,4454.0,4485.0,40489
2023-03-14,4460.0,4480.0,4411.0,4415.0,56110
2023-03-15,4418.0,4438.0,4386.0,4407.0,41368
2023-03-16,4396.0,4410.0,4342.0,4363.0,42840
2023-03-17,4375.0,4379.0,4307.0,4309.0,61003
2023-03-20,4296.0,4300.0,4197.0,4199.0,56170
2023-03-21,4223.0,4296.0,4219.0,4274.0,57374
2023-03-22,4310.0,4319.0,4159.0,4199.0,43301
2023-03-23,4116.0,4126.0,4057.0,4074.0,37345
2023-03-24,4055.0,4077.0,3949.0,4045.0,81047
2023-03-27,4034.0,4084.0,3988.0,4010.0,82184
2023-03-28,4022.0,4070.0,4016.0,4064.0,74272
2023-03-29,4071.0,4124.0,4071.0,4084.0,67574
2023-03-30,4107.0,4117.0,4087.0,4109.0,48043
2023-03-31,4112.0,4132.0,4078.0,4088.0,57937
2023-04-03,4096.0,4249.0,4070.0,4219.0,86917
2023-04-04,4220.0,4271.0,4218.0,4268.0,59401
2023-04-06,4219.0,4248.0,4196.0,4199.0,34843
2023-04-07,4179.0,4184.0,4143.0,4166.0,61080
2023-04-10,4183.0,4183.0,4122.0,4132.0,46243
2023-04-11,4112.0,4178.0,4095.0,4171.0,41118
2023-04-12,4175.0,4197.0,4138.0,4149.0,49436
2023-04-13,4146.0,4240.0,4146.0,4235.0,59187
2023-04-14,4239.0,4267.0,4160.0,4164.0,60477
2023-04-17,4181.0,4236.0,4111.0,4227.0,70323
2023-04-18,4245.0,4342.0,4234.0,4339.0,64141
2023-04-19,4310.0,4330.0,4167.0,4169.0,82632
2023-04-20,4169.0,4173.0,4086.0,4117.0,55625
2023-04-21,3912.0,3938.0,3829.0,3830.0,46657
2023-04-24,3838.0,3878.0,3800.0,3860.0,65214
2023-04-25,3846.0,3883.0,3801.0,3843.0,76256
2023-04-26,3833.0,3981.0,3805.0,3980.0,101911
2023-04-27,3980.0,4014.0,3937.0,3948.0,104636
2023-04-28,3926.0,4029.0,3915.0,3999.0,90716
2023-05-04,4000.0,4041.0,3938.0,4000.0,77907
2023-05-05,3971.0,4040.0,3930.0,4023.0,98148
2023-05-08,4013.0,4120.0,4013.0,4114.0,97249
2023-05-09,4121.0,4128.0,4056.0,4095.0,69661
2023-05-10,4107.0,4107.0,4031.0,4053.0,86085
2023-05-11,4070.0,4087.0,4006.0,4046.0,73531
2023-05-12,4038.0,4157.0,4003.0,4132.0,103270
2023-05-15,4102.0,4175.0,4036.0,4156.0,92956
2023-05-16,4194.0,4200.0,4136.0,4143.0,88629
2023-05-17,4118.0,4128.0,4012.0,4043.0,94402
2023-05-18,4061.0,4086.0,4015.0,4060.0,67421
2023-05-19,4037.0,4109.0,4009.0,4015.0,59824
2023-05-22,3942.0,3959.0,3845.0,3874.0,62389
2023-05-23,3889.0,3953.0,3868.0,3928.0,86891
2023-05-24,3967.0,3967.0,3868.0,3882.0,93293
2023-05-25,3870.0,3918.0,3850.0,3891.0,90932
2023-05-26,3906.0,3949.0,3878.0,3945.0,100745
2023-05-29,3950.0,3973.0,3869.0,3874.0,110400
2023-05-30,3861.0,3873.0,3837.0,3854.0,108567
2023-05-31,3870.0,3870.0,3736.0,3763.0,134263
2023-06-01,3750.0,3845.0,3709.0,3831.0,112740
2023-06-02,3845.0,3859.0,3772.0,3822.0,98115
2023-06-05,3817.0,3957.0,3817.0,3944.0,101347
2023-06-06,3922.0,3992.0,3922.0,3951.0,82520
2023-06-07,3936.0,3977.0,3901.0,3920.0,73304
2023-06-08,3939.0,3952.0,3898.0,3937.0,57973
2023-06-09,3948.0,4005.0,3932.0,3998.0,58493
2023-06-12,4013.0,4059.0,3995.0,3997.0,71348
2023-06-13,3998.0,4058.0,3967.0,4052.0,55576
2023-06-14,4072.0,4078.0,4042.0,4049.0,52536
2023-06-15,4029.0,4134.0,4025.0,4126.0,107802
2023-06-16,4144.0,4293.0,4144.0,4274.0,195569
2023-06-19,4299.0,4388.0,4295.0,4342.0,238854
2023-06-20,4342.0,4422.0,4334.0,4368.0,165272
2023-06-21,4350.0,4371.0,4306.0,4365.0,103801
2023-06-26,4288.0,4365.0,4260.0,4364.0,116161
2023-06-27,4374.0,4441.0,4317.0,4318.0,173835
2023-06-28,4279.0,4354.0,4258.0,4332.0,138241
2023-06-29,4314.0,4327.0,4263.0,4309.0,144162
2023-06-30,4291.0,4406.0,4284.0,4374.0,164752
2023-07-03,4350.0,4615.0,4350.0,4615.0,99498
2023-07-04,4667.0,4682.0,4560.0,4625.0,146582
2023-07-05,4608.0,4641.0,4583.0,4617.0,83882
2023-07-06,4616.0,4637.0,4550.0,4618.0,82753
2023-07-07,4581.0,4615.0,4574.0,4601.0,90013
2023-07-10,4600.0,4605.0,4531.0,4599.0,93901
2023-07-11,4616.0,4694.0,4603.0,4620.0,92294
2023-07-12,4648.0,4707.0,4595.0,4665.0,76805
2023-07-13,4672.0,4716.0,4556.0,4592.0,86138
2023-07-14,4640.0,4708.0,4622.0,4629.0,74495
2023-07-17,4640.0,4692.0,4590.0,4626.0,71747
2023-07-18,4645.0,4702.0,4594.0,4660.0,77689
2023-07-19,4712.0,4766.0,4681.0,4745.0,87621
2023-07-20,4756.0,4797.0,4728.0,4755.0,65939
2023-07-21,4762.0,4767.0,4681.0,4695.0,79413
2023-07-24,4675.0,4738.0,4659.0,4684.0,87904
2023-07-25,4717.0,4787.0,4696.0,4742.0,79545
2023-07-26,4715.0,4793.0,4711.0,4787.0,76586
2023-07-27,4770.0,4878.0,4767.0,4819.0,93462
2023-07-28,4836.0,4860.0,4758.0,4780.0,85436
2023-07-31,4769.0,4782.0,4673.0,4714.0,80186
2023-08-01,4711.0,4790.0,4706.0,4787.0,73846
2023-08-02,4771.0,4860.0,4762.0,4843.0,103732
2023-08-03,4800.0,4832.0,4770.0,4788.0,94114
2023-08-04,4815.0,4868.0,4791.0,4847.0,84741
2023-08-07,4850.0,4888.0,4815.0,4849.0,105610
2023-08-08,4816.0,4849.0,4790.0,4814.0,88101
2023-08-09,4788.0,4928.0,4775.0,4911.0,103046
2023-08-10,4895.0,4957.0,4888.0,4955.0,80153
2023-08-11,4962.0,4987.0,4913.0,4941.0,83604
2023-08-14,4932.0,4984.0,4889.0,4970.0,77797
2023-08-15,4984.0,5055.0,4955.0,5041.0,81455
2023-08-16,5010.0,5058.0,4988.0,5044.0,60645
2023-08-17,5126.0,5305.0,5125.0,5285.0,124081
2023-08-18,5280.0,5389.0,5257.0,5276.0,204824
2023-08-21,5250.0,5355.0,5243.0,5302.0,160234
2023-08-22,5283.0,5320.0,5200.0,5221.0,171755
2023-08-23,5236.0,5276.0,5187.0,5231.0,124699
2023-08-24,5222.0,5324.0,5219.0,5265.0,111586
2023-08-25,5265.0,5432.0,5240.0,5382.0,206517
2023-08-28,5372.0,5460.0,5345.0,5366.0,173638
2023-08-29,5366.0,5410.0,5315.0,5324.0,120942
2023-08-30,5306.0,5333.0,5247.0,5288.0,169525
2023-08-31,5312.0,5328.0,5254.0,5283.0,88821
2023-09-01,5303.0,5317.0,5198.0,5276.0,120054
2023-09-04,5257.0,5280.0,5140.0,5151.0,118356
2023-09-05,5160.0,5225.0,5129.0,5173.0,92600
2023-09-06,5168.0,5240.0,5160.0,5197.0,84167
2023-09-07,5205.0,5229.0,5103.0,5155.0,95169
2023-09-08,5172.0,5172.0,4953.0,5011.0,128240
2023-09-11,5026.0,5091.0,4954.0,5067.0,109155
2023-09-12,5073.0,5092.0,4986.0,5006.0,80686
2023-09-13,4993.0,5005.0,4865.0,4906.0,93875
2023-09-14,4925.0,4925.0,4847.0,4905.0,67273
2023-09-15,4916.0,5016.0,4905.0,5008.0,71528
2023-09-18,4977.0,5040.0,4917.0,4942.0,69140
2023-09-19,4938.0,4946.0,4821.0,4845.0,63842
2023-09-20,4786.0,4828.0,4757.0,4811.0,44957
2023-09-21,4824.0,4824.0,4681.0,4692.0,80068
2023-09-22,4680.0,4735.0,4660.0,4719.0,78258
2023-09-25,4730.0,4766.0,4695.0,4724.0,82062
2023-09-26,4721.0,4795.0,4689.0,4727.0,86849
2023-09-27,4734.0,4781.0,4696.0,4778.0,81219
2023-09-28,4780.0,4802.0,4737.0,4768.0,66173
2023-10-09,4695.0,4695.0,4500.0,4504.0,68187
2023-10-10,4492.0,4499.0,4396.0,4404.0,89788
2023-10-11,4422.0,4474.0,4370.0,4393.0,79576
2023-10-12,4376.0,4464.0,4372.0,4456.0,69351
2023-10-13,4448.0,4588.0,4422.0,4495.0,80032
2023-10-16,4510.0,4519.0,4443.0,4504.0,78139
2023-10-17,4485.0,4547.0,4483.0,4513.0,72712
2023-10-18,4522.0,4634.0,4521.0,4534.0,92442
2023-10-19,4546.0,4557.0,4490.0,4535.0,69508
2023-10-20,4534.0,4572.0,4486.0,4499.0,77992
2023-10-23,4495.0,4556.0,4436.0,4455.0,85528
2023-10-24,4464.0,4464.0,4344.0,4347.0,103461
2023-10-25,4347.0,4447.0,4337.0,4407.0,69664
2023-10-26,4413.0,4476.0,4380.0,4467.0,62869
2023-10-27,4381.0,4437.0,4381.0,4419.0,53345
2023-10-30,4432.0,4521.0,4426.0,4484.0,76575
2023-10-31,4469.0,4479.0,4373.0,4400.0,80203
2023-11-01,4417.0,4459.0,4393.0,4441.0,65465
2023-11-02,4433.0,4529.0,4433.0,4515.0,84223
2023-11-03,4504.0,4595.0,4499.0,4584.0,79273
2023-11-06,4599.0,4666.0,4569.0,4664.0,79789
2023-11-07,4677.0,4715.0,4640.0,4655.0,81713
2023-11-08,4655.0,4723.0,4648.0,4689.0,76819
2023-11-09,4712.0,4717.0,4620.0,4648.0,84259
2023-11-10,4631.0,4643.0,4512.0,4521.0,97769
2023-11-13,4530.0,4581.0,4519.0,4552.0,76852
2023-11-14,4550.0,4655.0,4525.0,4603.0,63543
2023-11-15,4591.0,4662.0,4587.0,4654.0,63000
2023-11-16,4660.0,4671.0,4592.0,4636.0,60877
2023-11-17,4653.0,4662.0,4546.0,4563.0,64737
2023-11-20,4573.0,4573.0,4482.0,4527.0,75885
2023-11-21,4522.0,4596.0,4521.0,4555.0,80712
2023-11-22,4559.0,4610.0,4516.0,4538.0,89732
2023-11-23,4534.0,4534.0,4462.0,4482.0,88335
2023-11-24,4463.0,4503.0,4459.0,4480.0,52276
2023-11-27,4469.0,4503.0,4371.0,4402.0,87182
2023-11-28,4408.0,4420.0,4370.0,4396.0,64786
2023-11-29,4401.0,4434.0,4357.0,4364.0,73506
2023-11-30,4377.0,4391.0,4341.0,4360.0,73902
2023-12-01,4351.0,4369.0,4286.0,4304.0,88283
2023-12-04,4310.0,4356.0,4271.0,4309.0,79590
2023-12-05,4296.0,4383.0,4296.0,4348.0,106035
2023-12-06,4346.0,4346.0,4276.0,4332.0,76651
2023-12-07,4335.0,4349.0,4246.0,4326.0,70884
2023-12-08,4340.0,4430.0,4338.0,4425.0,69487
2023-12-11,4428.0,4468.0,4390.0,4408.0,61801
2023-12-12,4414.0,4455.0,4384.0,4435.0,55730
2023-12-13,4423.0,4430.0,4340.0,4354.0,52753
2023-12-14,4342.0,4351.0,4290.0,4333.0,60015
2023-12-15,4334.0,4420.0,4332.0,4385.0,55633
2023-12-18,4411.0,4432.0,4298.0,4376.0,64459
2023-12-19,4376.0,4408.0,4345.0,4386.0,73539
2023-12-20,4379.0,4392.0,4322.0,4356.0,87237
2023-12-21,4360.0,4425.0,4351.0,4384.0,93777
2023-12-22,4384.0,4418.0,4300.0,4356.0,95169
2023-12-25,4356.0,4457.0,4316.0,4439.0,115275
2023-12-26,4437.0,4487.0,4437.0,4471.0,88758
2023-12-27,4457.0,4505.0,4431.0,4497.0,104937
2023-12-28,4487.0,4509.0,4466.0,4495.0,58076
2023-12-29,4496.0,4518.0,4368.0,4368.0,100039
2024-01-02,4336.0,4341.0,4252.0,4265.0,94706
2024-01-03,4265.0,4283.0,4239.0,4268.0,71906
2024-01-04,4268.0,4298.0,4235.0,4263.0,76741
2024-01-05,4245.0,4271.0,4201.0,4220.0,80996
2024-01-08,4217.0,4241.0,4156.0,4165.0,86609
2024-01-09,4169.0,4208.0,4127.0,4208.0,72014
2024-01-10,4206.0,4224.0,4155.0,4176.0,64223
2024-01-11,4190.0,4190.0,4107.0,4121.0,89285
2024-01-12,4106.0,4119.0,4001.0,4017.0,117296
2024-01-15,4019.0,4046.0,3966.0,3994.0,87385
2024-01-16,3980.0,4030.0,3980.0,4027.0,65800
2024-01-17,4042.0,4062.0,3946.0,3947.0,71723
2024-01-18,3942.0,3943.0,3836.0,3902.0,141604
2024-01-19,3908.0,3946.0,3864.0,3922.0,96416
2024-01-22,3933.0,3957.0,3897.0,3918.0,71780
2024-01-23,3906.0,3944.0,3879.0,3915.0,70365
2024-01-24,3926.0,3984.0,3917.0,3955.0,69948
2024-01-25,3951.0,3962.0,3870.0,3901.0,61215
2024-01-26,3748.0,3750.0,3642.0,3642.0,106721
2024-01-29,3618.0,3623.0,3542.0,3545.0,136145
2024-01-30,3545.0,3583.0,3524.0,3563.0,146317
2024-01-31,3567.0,3649.0,3565.0,3611.0,120988
2024-02-01,3622.0,3652.0,3598.0,3626.0,84207
2024-02-02,3597.0,3631.0,3575.0,3601.0,111787
2024-02-05,3611.0,3634.0,3566.0,3611.0,101830
2024-02-06,3590.0,3636.0,3584.0,3636.0,79591
2024-02-07,3655.0,3679.0,3574.0,3608.0,96314
2024-02-08,3599.0,3688.0,3548.0,3688.0,104911
2024-02-19,3650.0,3717.0,3636.0,3710.0,53908
2024-02-20,3710.0,3748.0,3661.0,3665.0,75935
2024-02-21,3675.0,3681.0,3597.0,3650.0,92132
2024-02-22,3628.0,3662.0,3616.0,3636.0,62181
2024-02-23,3653.0,3658.0,3586.0,3596.0,62915
2024-02-26,3580.0,3624.0,3549.0,3560.0,81454
2024-02-27,3458.0,3520.0,3447.0,3517.0,63517
2024-02-28,3525.0,3547.0,3509.0,3527.0,95638
2024-02-29,3530.0,3555.0,3506.0,3549.0,113930
2024-03-01,3533.0,3639.0,3525.0,3638.0,182286
2024-03-04,3636.0,3675.0,3611.0,3670.0,138417
2024-03-05,3673.0,3679.0,3643.0,3670.0,112319
2024-03-06,3660.0,3700.0,3653.0,3676.0,126990
2024-03-07,3676.0,3707.0,3653.0,3689.0,114248
2024-03-08,3716.0,3802.0,3696.0,3799.0,162896
2024-03-11,3780.0,3824.0,3752.0,3762.0,145725
2024-03-12,3750.0,3828.0,3750.0,3793.0,138279
2024-03-13,3798.0,3827.0,3775.0,3795.0,137570
2024-03-14,3786.0,3874.0,3769.0,3852.0,187140
2024-03-15,3856.0,3897.0,3816.0,3879.0,178909
2024-03-18,3858.0,3937.0,3842.0,3859.0,193158
2024-03-19,3856.0,3895.0,3853.0,3880.0,157602
2024-03-20,3873.0,3935.0,3859.0,3933.0,145381
2024-03-21,3950.0,4033.0,3937.0,3986.0,209684
2024-03-22,3977.0,3997.0,3916.0,3918.0,155519
2024-03-25,3924.0,3928.0,3822.0,3859.0,161067
2024-03-26,3860.0,3902.0,3843.0,3850.0,146524
2024-03-27,3847.0,3862.0,3805.0,3820.0,145113
2024-03-28,3818.0,3832.0,3759.0,3775.0,153449
2024-03-29,3766.0,3828.0,3754.0,3820.0,136060
2024-04-01,3822.0,3865.0,3777.0,3865.0,126088
2024-04-02,3852.0,3861.0,3787.0,3788.0,150082
2024-04-03,3796.0,3820.0,3741.0,3775.0,175831
2024-04-08,3800.0,3823.0,3776.0,3784.0,86251
2024-04-09,3794.0,3806.0,3744.0,3756.0,137021
2024-04-10,3746.0,3777.0,3715.0,3744.0,148895
2024-04-11,3737.0,3743.0,3700.0,3720.0,130379
2024-04-12,3717.0,3760.0,3685.0,3759.0,124039
2024-04-15,3770.0,3837.0,3766.0,3789.0,156038
2024-04-16,3774.0,3836.0,3759.0,3810.0,122066
2024-04-17,3818.0,3836.0,3685.0,3698.0,166142
2024-04-18,3700.0,3755.0,3684.0,3752.0,108785
2024-04-19,3740.0,3799.0,3723.0,3732.0,128030
2024-04-22,3728.0,3752.0,3673.0,3705.0,90230
2024-04-23,3845.0,3937.0,3803.0,3895.0,106243
2024-04-24,4120.0,4120.0,3861.0,3958.0,187954
2024-04-25,3963.0,3965.0,3892.0,3912.0,135447
2024-04-26,3900.0,3958.0,3890.0,3948.0,120437
2024-04-29,3948.0,3968.0,3907.0,3946.0,120173
2024-04-30,3952.0,3982.0,3918.0,3952.0,129635
2024-05-06,4026.0,4064.0,4012.0,4045.0,97653
2024-05-07,4055.0,4171.0,4054.0,4165.0,175779
2024-05-08,4150.0,4177.0,4127.0,4157.0,161477
2024-05-09,4138.0,4157.0,4103.0,4111.0,148235
2024-05-10,4098.0,4114.0,4029.0,4050.0,149876
2024-05-13,4040.0,4101.0,4036.0,4099.0,118156
2024-05-14,4111.0,4133.0,4076.0,4088.0,122692
2024-05-15,4060.0,4123.0,4053.0,4121.0,110043
2024-05-16,4141.0,4148.0,4086.0,4095.0,135421
2024-05-17,4101.0,4164.0,4084.0,4157.0,123840
2024-05-20,4154.0,4162.0,4113.0,4146.0,119455
2024-05-21,4166.0,4212.0,4124.0,4151.0,176041
2024-05-22,4155.0,4197.0,4125.0,4195.0,120508
2024-05-23,4190.0,4206.0,4153.0,4183.0,153071
2024-05-24,4213.0,4235.0,4141.0,4143.0,153981
2024-05-27,4152.0,4193.0,4131.0,4137.0,121363
2024-05-28,4140.0,4198.0,4134.0,4147.0,138876
2024-05-29,4133.0,4146.0,4050.0,4107.0,187481
2024-05-30,4099.0,4099.0,4043.0,4059.0,138363
2024-05-31,4061.0,4088.0,4048.0,4083.0,118296
2024-06-03,4098.0,4102.0,3978.0,3981.0,131011
2024-06-04,3985.0,4003.0,3950.0,3977.0,105410
2024-06-05,3970.0,4008.0,3959.0,3999.0,94822
2024-06-06,3991.0,4040.0,3973.0,4038.0,113578
2024-06-07,4047.0,4078.0,4031.0,4044.0,113841
2024-06-11,4040.0,4060.0,4003.0,4010.0,83825
2024-06-12,4002.0,4028.0,3979.0,4024.0,92987
2024-06-13,4006.0,4033.0,3944.0,3945.0,130443
2024-06-14,3962.0,4009.0,3947.0,3991.0,109549
2024-06-17,3976.0,3989.0,3876.0,3901.0,130075
2024-06-18,3900.0,3910.0,3878.0,3883.0,89056
2024-06-19,3884.0,3914.0,3877.0,3906.0,96656
2024-06-20,3905.0,3923.0,3871.0,3894.0,100562
2024-06-21,3878.0,3891.0,3832.0,3840.0,104167
2024-06-24,3830.0,3887.0,3829.0,3857.0,101663
2024-06-25,3845.0,3874.0,3831.0,3857.0,102103
2024-06-26,3848.0,3892.0,3828.0,3883.0,107104
2024-06-27,3868.0,3896.0,3857.0,3877.0,99825
2024-06-28,3885.0,3920.0,3873.0,3912.0,99871
2024-07-01,3916.0,3929.0,3872.0,3910.0,109033
2024-07-02,3899.0,3979.0,3888.0,3967.0,130190
2024-07-03,3980.0,4012.0,3956.0,3968.0,114433
2024-07-04,3982.0,3992.0,3881.0,3898.0,134444
2024-07-05,3903.0,3945.0,3889.0,3921.0,102366
2024-07-08,3930.0,3952.0,3866.0,3874.0,139807
2024-07-09,3864.0,3864.0,3782.0,3792.0,156909
2024-07-10,3792.0,3802.0,3715.0,3733.0,134302
2024-07-11,3746.0,3753.0,3699.0,3702.0,116545
2024-07-12,3718.0,3731.0,3694.0,3696.0,114648
2024-07-15,3699.0,3713.0,3627.0,3649.0,121421
2024-07-16,3637.0,3673.0,3616.0,3631.0,116485
2024-07-17,3644.0,3725.0,3631.0,3656.0,147149
2024-07-18,3653.0,3667.0,3619.0,3665.0,117917
2024-07-19,3653.0,3710.0,3648.0,3698.0,113639
2024-07-22,3715.0,3738.0,3685.0,3722.0,118556
2024-07-23,3728.0,3762.0,3700.0,3721.0,140414
2024-07-24,3739.0,3754.0,3695.0,3707.0,115371
2024-07-25,3710.0,3734.0,3667.0,3687.0,123696
2024-07-26,3710.0,3772.0,3701.0,3736.0,148941
2024-07-29,3718.0,3723.0,3586.0,3668.0,181265
2024-07-30,3652.0,3671.0,3624.0,3642.0,110740
2024-07-31,3612.0,3664.0,3605.0,3654.0,102719
2024-08-01,3654.0,3658.0,3581.0,3617.0,120446
2024-08-02,3603.0,3647.0,3589.0,3642.0,102880
2024-08-05,3642.0,3643.0,3586.0,3601.0,109832
2024-08-06,3566.0,3611.0,3530.0,3537.0,120645
2024-08-07,3535.0,3551.0,3492.0,3505.0,96812
2024-08-08,3506.0,3559.0,3506.0,3539.0,106804
2024-08-09,3559.0,3571.0,3522.0,3565.0,107210
2024-08-12,3585.0,3585.0,3515.0,3561.0,98786
2024-08-13,3543.0,3567.0,3426.0,3435.0,134819
2024-08-14,3448.0,3448.0,3396.0,3427.0,117571
2024-08-15,3437.0,3479.0,3436.0,3474.0,97250
2024-08-16,3458.0,3512.0,3454.0,3464.0,100877
2024-08-19,3455.0,3492.0,3433.0,3435.0,100474
2024-08-20,3429.0,3485.0,3413.0,3427.0,94968
2024-08-21,3408.0,3483.0,3402.0,3468.0,120275
2024-08-22,3480.0,3492.0,3431.0,3436.0,92030
2024-08-23,3442.0,3478.0,3433.0,3435.0,92202
2024-08-26,3431.0,3506.0,3415.0,3502.0,166140
2024-08-27,3489.0,3551.0,3486.0,3543.0,112297
2024-08-28,3540.0,3595.0,3540.0,3563.0,122111
2024-08-29,3540.0,3589.0,3530.0,3577.0,108514
2024-08-30,3591.0,3651.0,3573.0,3631.0,120048
2024-09-02,3645.0,3660.0,3601.0,3617.0,131577
2024-09-03,3608.0,3741.0,3608.0,3702.0,187296
2024-09-04,3708.0,3708.0,3625.0,3647.0,166687
2024-09-05,3658.0,3706.0,3650.0,3670.0,127029
2024-09-06,3660.0,3725.0,3656.0,3720.0,151123
2024-09-09,3730.0,3738.0,3620.0,3669.0,149518
2024-09-10,3683.0,3694.0,3586.0,3592.0,125075
2024-09-11,3586.0,3622.0,3544.0,3617.0,113516
2024-09-12,3612.0,3617.0,3526.0,3571.0,127295
2024-09-13,3576.0,3637.0,3541.0,3613.0,128048
2024-09-18,3599.0,3719.0,3599.0,3719.0,109758
2024-09-19,3711.0,3723.0,3625.0,3637.0,115253
2024-09-20,3657.0,3657.0,3576.0,3645.0,116605
2024-09-23,3621.0,3660.0,3564.0,3631.0,105373
2024-09-24,3678.0,3735.0,3664.0,3715.0,85564
2024-09-25,3745.0,3756.0,3657.0,3661.0,137869
2024-09-26,3657.0,3775.0,3644.0,3728.0,165010
2024-09-27,3741.0,3759.0,3679.0,3724.0,130847
2024-09-30,3718.0,3799.0,3693.0,3768.0,132203
2024-10-08,3770.0,3773.0,3632.0,3642.0,104591
2024-10-09,3629.0,3720.0,3621.0,3655.0,118758
2024-10-10,3649.0,3701.0,3623.0,3665.0,109414
2024-10-11,3655.0,3677.0,3608.0,3616.0,113099
2024-10-14,3624.0,3692.0,3585.0,3651.0,141880
2024-10-15,3645.0,3684.0,3609.0,3616.0,111276
2024-10-16,3611.0,3682.0,3610.0,3666.0,105019
2024-10-17,3662.0,3702.0,3576.0,3580.0,127848
2024-10-18,3584.0,3642.0,3553.0,3614.0,114798
2024-10-21,3610.0,3634.0,3531.0,3601.0,97510
2024-10-22,3598.0,3637.0,3591.0,3629.0,81050
2024-10-23,3645.0,3773.0,3645.0,3707.0,81100
2024-10-24,3699.0,3731.0,3684.0,3710.0,100038
2024-10-25,3731.0,3761.0,3685.0,3686.0,98148
2024-10-28,3693.0,3714.0,3635.0,3701.0,117681
2024-10-29,3691.0,3721.0,3653.0,3719.0,118931
2024-10-30,3719.0,3739.0,3668.0,3731.0,124622
2024-10-31,3734.0,3743.0,3708.0,3716.0,90142
2024-11-01,3740.0,3765.0,3713.0,3722.0,123848
2024-11-04,3726.0,3788.0,3723.0,3774.0,133460
2024-11-05,3780.0,3792.0,3740.0,3743.0,99073
2024-11-06,3760.0,3820.0,3750.0,3816.0,130307
2024-11-07,3810.0,3934.0,3809.0,3918.0,246997
2024-11-08,3925.0,3953.0,3824.0,3838.0,248513
2024-11-11,3845.0,3935.0,3835.0,3897.0,203403
2024-11-12,3881.0,3907.0,3838.0,3846.0,131444
2024-11-13,3840.0,3850.0,3765.0,3770.0,137135
2024-11-14,3777.0,3778.0,3730.0,3741.0,121981
2024-11-15,3739.0,3741.0,3609.0,3624.0,181974
2024-11-18,3637.0,3640.0,3605.0,3619.0,149360
2024-11-19,3617.0,3650.0,3597.0,3638.0,128174
2024-11-20,3633.0,3638.0,3586.0,3601.0,119790
2024-11-21,3595.0,3595.0,3554.0,3562.0,129123
2024-11-22,3561.0,3573.0,3508.0,3509.0,142971
2024-11-25,3509.0,3555.0,3497.0,3544.0,125576
2024-11-26,3531.0,3596.0,3527.0,3572.0,124782
2024-11-27,3585.0,3595.0,3553.0,3573.0,96702
2024-11-28,3567.0,3587.0,3551.0,3581.0,84324
2024-11-29,3599.0,3620.0,3576.0,3589.0,90627
2024-12-02,3598.0,3608.0,3557.0,3568.0,88039
2024-12-03,3564.0,3567.0,3513.0,3533.0,100842
2024-12-04,3539.0,3555.0,3481.0,3492.0,88782
2024-12-05,3486.0,3497.0,3435.0,3478.0,96827
2024-12-06,3476.0,3516.0,3471.0,3492.0,96211
2024-12-09,3495.0,3527.0,3480.0,3520.0,101760
2024-12-10,3528.0,3548.0,3510.0,3520.0,87624
2024-12-11,3528.0,3552.0,3514.0,3540.0,70169
2024-12-12,3533.0,3564.0,3529.0,3540.0,79676
2024-12-13,3546.0,3569.0,3524.0,3545.0,90689
2024-12-16,3559.0,3574.0,3536.0,3547.0,103202
2024-12-17,3532.0,3546.0,3503.0,3520.0,93241
2024-12-18,3509.0,3516.0,3356.0,3371.0,118784
2024-12-19,3180.0,3191.0,3137.0,3163.0,112962
2024-12-20,3160.0,3243.0,3152.0,3237.0,149828
2024-12-23,3245.0,3260.0,3217.0,3225.0,117467
2024-12-24,3225.0,3252.0,3221.0,3245.0,104808
2024-12-25,3243.0,3277.0,3240.0,3274.0,95252
2024-12-26,3278.0,3292.0,3240.0,3287.0,89661
2024-12-27,3271.0,3339.0,3271.0,3305.0,129933
2024-12-30,3304.0,3316.0,3288.0,3314.0,96882
2024-12-31,3328.0,3351.0,3310.0,3327.0,108256
2025-01-02,3360.0,3398.0,3353.0,3357.0,112266
2025-01-03,3350.0,3371.0,3300.0,3311.0,131041
2025-01-06,3302.0,3334.0,3264.0,3301.0,143439
2025-01-07,3319.0,3322.0,3235.0,3263.0,133987
2025-01-08,3261.0,3284.0,3243.0,3249.0,99234
2025-01-09,3246.0,3254.0,3209.0,3216.0,105406
2025-01-10,3220.0,3275.0,3218.0,3269.0,113621
2025-01-13,3270.0,3378.0,3255.0,3371.0,165727
2025-01-14,3370.0,3416.0,3360.0,3390.0,128781
2025-01-15,3389.0,3408.0,3377.0,3403.0,102875
2025-01-16,3403.0,3433.0,3363.0,3372.0,139844
2025-01-17,3374.0,3410.0,3324.0,3408.0,161400
2025-01-20,3401.0,3455.0,3379.0,3447.0,191685
2025-01-21,3447.0,3510.0,3424.0,3500.0,187525
2025-01-22,3506.0,3516.0,3460.0,3466.0,210651
2025-01-23,3468.0,3500.0,3429.0,3444.0,159335
2025-01-24,3451.0,3475.0,3431.0,3451.0,117426
2025-01-27,3440.0,3450.0,3398.0,3448.0,125862
2025-02-05,3501.0,3582.0,3501.0,3576.0,113848
2025-02-06,3567.0,3583.0,3533.0,3570.0,133367
2025-02-07,3585.0,3617.0,3540.0,3609.0,170944
2025-02-10,3597.0,3646.0,3578.0,3589.0,186112
2025-02-11,3607.0,3607.0,3565.0,3576.0,171168
2025-02-12,3583.0,3584.0,3519.0,3531.0,196048
2025-02-13,3518.0,3522.0,3470.0,3492.0,148970
2025-02-14,3477.0,3538.0,3476.0,3524.0,154911
2025-02-17,3537.0,3540.0,3448.0,3461.0,181191
2025-02-18,3462.0,3491.0,3455.0,3471.0,112667
2025-02-19,3484.0,3530.0,3481.0,3527.0,141814
2025-02-20,3541.0,3558.0,3514.0,3558.0,126644
2025-02-21,3550.0,3616.0,3548.0,3576.0,180861
2025-02-24,3576.0,3602.0,3529.0,3546.0,164004
2025-02-25,3538.0,3576.0,3515.0,3549.0,143289
2025-02-26,3539.0,3539.0,3487.0,3517.0,173185
2025-02-27,3506.0,3581.0,3501.0,3574.0,175412
2025-02-28,3571.0,3584.0,3551.0,3574.0,150616
2025-03-03,3570.0,3658.0,3547.0,3640.0,278712
2025-03-04,3629.0,3649.0,3560.0,3597.0,258356
2025-03-05,3595.0,3599.0,3474.0,3482.0,271142
2025-03-06,3499.0,3510.0,3461.0,3506.0,205967
2025-03-07,3497.0,3551.0,3486.0,3510.0,200018
2025-03-10,3516.0,3617.0,3479.0,3571.0,250115
2025-03-11,3573.0,3578.0,3471.0,3481.0,198664
2025-03-12,3491.0,3505.0,3444.0,3462.0,170334
2025-03-13,3449.0,3524.0,3448.0,3522.0,173537
2025-03-14,3532.0,3558.0,3519.0,3552.0,154499
2025-03-17,3550.0,3586.0,3541.0,3553.0,170506
2025-03-18,3558.0,3575.0,3542.0,3569.0,157602
2025-03-19,3572.0,3588.0,3546.0,3561.0,170352
2025-03-20,3561.0,3594.0,3506.0,3507.0,252767
2025-03-21,3500.0,3533.0,3493.0,3505.0,180635
2025-03-24,3506.0,3510.0,3454.0,3481.0,140808
2025-03-25,3481.0,3505.0,3461.0,3474.0,138393
2025-03-26,3466.0,3489.0,3431.0,3441.0,180596
2025-03-27,3446.0,3466.0,3423.0,3451.0,143808
2025-03-28,3471.0,3492.0,3446.0,3456.0,150135
2025-03-31,3457.0,3499.0,3438.0,3495.0,153324
2025-04-01,3487.0,3498.0,3426.0,3436.0,168011
2025-04-02,3446.0,3491.0,3429.0,3473.0,142781
2025-04-03,3474.0,3512.0,3449.0,3486.0,197907
2025-04-07,3586.0,3596.0,3422.0,3439.0,226252
2025-04-08,3436.0,3529.0,3430.0,3519.0,238498
2025-04-09,3510.0,3539.0,3460.0,3482.0,203458
2025-04-10,3499.0,3508.0,3436.0,3464.0,185889
2025-04-11,3467.0,3520.0,3442.0,3487.0,179418
2025-04-14,3492.0,3549.0,3488.0,3526.0,148871
2025-04-15,3533.0,3541.0,3493.0,3496.0,130611
2025-04-16,3480.0,3495.0,3408.0,3410.0,139886
2025-04-17,3420.0,3465.0,3420.0,3456.0,93022
2025-04-18,3625.0,3639.0,3608.0,3616.0,89200
2025-04-21,3602.0,3676.0,3602.0,3652.0,163906
2025-04-22,3654.0,3691.0,3633.0,3686.0,148135
2025-04-23,3678.0,3695.0,3655.0,3690.0,154977
2025-04-24,3684.0,3718.0,3672.0,3700.0,171797
2025-04-25,3697.0,3719.0,3681.0,3693.0,169002
2025-04-28,3681.0,3689.0,3602.0,3617.0,221267
2025-04-29,3613.0,3621.0,3573.0,3575.0,177723
2025-04-30,3577.0,3594.0,3551.0,3560.0,152435
2025-05-06,3550.0,3557.0,3526.0,3536.0,122026
2025-05-07,3540.0,3559.0,3529.0,3553.0,158111
2025-05-08,3547.0,3553.0,3512.0,3545.0,155643
2025-05-09,3553.0,3568.0,3527.0,3530.0,125807
2025-05-12,3545.0,3552.0,3503.0,3546.0,152637
2025-05-13,3550.0,3574.0,3518.0,3525.0,141537
2025-05-14,3523.0,3577.0,3514.0,3572.0,142233
2025-05-15,3566.0,3568.0,3531.0,3555.0,122016
2025-05-16,3549.0,3552.0,3501.0,3520.0,174406
2025-05-19,3510.0,3541.0,3499.0,3513.0,162131
2025-05-20,3510.0,3540.0,3481.0,3529.0,180459
2025-05-21,3533.0,3570.0,3517.0,3565.0,152642
2025-05-22,3565.0,3576.0,3540.0,3557.0,135889
2025-05-23,3566.0,3604.0,3561.0,3571.0,175180
2025-05-26,3561.0,3572.0,3543.0,3552.0,118746
2025-05-27,3542.0,3585.0,3540.0,3577.0,145401
2025-05-28,3585.0,3589.0,3560.0,3565.0,127790
2025-05-29,3565.0,3579.0,3529.0,3572.0,178409
2025-05-30,3560.0,3583.0,3547.0,3559.0,141996
2025-06-03,3541.0,3560.0,3523.0,3536.0,120677
2025-06-04,3541.0,3558.0,3523.0,3540.0,130790
2025-06-05,3560.0,3563.0,3537.0,3555.0,128739
2025-06-06,3555.0,3622.0,3550.0,3618.0,200744
2025-06-09,3608.0,3635.0,3605.0,3630.0,116125
2025-06-10,3630.0,3644.0,3619.0,3640.0,114426
2025-06-11,3638.0,3653.0,3629.0,3644.0,136650
2025-06-12,3646.0,3661.0,3625.0,3640.0,128350
2025-06-13,3655.0,3671.0,3642.0,3651.0,123870
2025-06-16,3643.0,3706.0,3632.0,3689.0,159966
2025-06-17,3700.0,3730.0,3677.0,3718.0,141422
2025-06-18,3717.0,3741.0,3717.0,3728.0,112538
2025-06-19,3730.0,3765.0,3722.0,3764.0,124664
2025-06-20,3760.0,3776.0,3740.0,3750.0,111165
2025-06-23,3762.0,3765.0,3707.0,3719.0,129800
2025-06-24,3708.0,3717.0,3632.0,3683.0,140241
2025-06-25,3682.0,3684.0,3643.0,3651.0,124516
2025-06-26,3640.0,3647.0,3588.0,3603.0,157744
2025-06-27,3602.0,3611.0,3588.0,3603.0,115677
2025-06-30,3601.0,3626.0,3598.0,3611.0,117633
2025-07-01,3618.0,3624.0,3591.0,3601.0,102983
2025-07-02,3590.0,3608.0,3573.0,3603.0,126254
2025-07-03,3617.0,3640.0,3601.0,3603.0,114990
2025-07-04,3618.0,3618.0,3588.0,3589.0,84131
2025-07-07,3591.0,3600.0,3561.0,3566.0,93063
2025-07-08,3568.0,3584.0,3557.0,3582.0,94853
2025-07-09,3570.0,3592.0,3563.0,3582.0,89012
2025-07-10,3578.0,3603.0,3563.0,3597.0,110462
2025-07-11,3594.0,3635.0,3586.0,3619.0,116102
2025-07-14,3618.0,3642.0,3602.0,3637.0,124089
2025-07-15,3643.0,3649.0,3618.0,3628.0,95127
2025-07-16,3631.0,3642.0,3621.0,3630.0,97887
2025-07-17,3632.0,3692.0,3626.0,3685.0,131084
2025-07-18,3688.0,3734.0,3684.0,3726.0,123191
2025-07-21,3728.0,3737.0,3708.0,3718.0,111387
2025-07-22,3718.0,3737.0,3699.0,3723.0,139015
2025-07-23,3719.0,3764.0,3716.0,3724.0,127046
2025-07-24,3723.0,3738.0,3645.0,3671.0,188597
2025-07-25,3668.0,3688.0,3646.0,3661.0,107521
2025-07-28,3652.0,3659.0,3608.0,3620.0,108798
2025-07-29,3619.0,3649.0,3599.0,3645.0,123310
2025-07-30,3640.0,3677.0,3640.0,3671.0,99603
2025-07-31,3666.0,3682.0,3645.0,3658.0,94731
2025-08-01,3656.0,3692.0,3643.0,3688.0,138171
2025-08-04,3684.0,3702.0,3676.0,3686.0,109113
2025-08-05,3685.0,3720.0,3676.0,3707.0,99769
2025-08-06,3722.0,3738.0,3691.0,3729.0,109513
2025-08-07,3734.0,3745.0,3717.0,3741.0,99825
2025-08-08,3746.0,3765.0,3727.0,3749.0,103053
2025-08-11,3738.0,3756.0,3695.0,3726.0,153621
2025-08-12,3728.0,3764.0,3697.0,3754.0,116577
2025-08-13,3763.0,3857.0,3744.0,3829.0,138408
2025-08-14,3834.0,3845.0,3801.0,3807.0,103234
2025-08-15,3800.0,3806.0,3771.0,3792.0,87769
2025-08-18,3806.0,3822.0,3783.0,3800.0,98360
2025-08-19,3801.0,3841.0,3799.0,3803.0,83794
2025-08-20,3798.0,3803.0,3731.0,3777.0,107053
2025-08-21,3861.0,3875.0,3796.0,3813.0,89481
2025-08-22,3823.0,3834.0,3788.0,3798.0,101623
2025-08-25,3801.0,3838.0,3798.0,3818.0,100222
2025-08-26,3821.0,3844.0,3783.0,3786.0,112221
2025-08-27,3786.0,3786.0,3723.0,3731.0,136430
2025-08-28,3730.0,3743.0,3703.0,3718.0,95025
2025-08-29,3722.0,3742.0,3706.0,3734.0,101852
2025-09-01,3732.0,3756.0,3720.0,3724.0,107988
2025-09-02,3724.0,3760.0,3717.0,3722.0,124213
2025-09-03,3712.0,3753.0,3704.0,3733.0,110175
2025-09-04,3721.0,3745.0,3709.0,3715.0,136825
2025-09-05,3703.0,3763.0,3693.0,3757.0,123846
2025-09-08,3755.0,3783.0,3748.0,3761.0,122992
2025-09-09,3764.0,3772.0,3737.0,3747.0,93497
2025-09-10,3747.0,3747.0,3697.0,3698.0,109294
2025-09-11,3700.0,3755.0,3697.0,3755.0,122398
2025-09-12,3759.0,3771.0,3746.0,3759.0,119834
2025-09-15,3761.0,3767.0,3714.0,3728.0,144896
2025-09-16,3731.0,3760.0,3727.0,3729.0,137113
2025-09-17,3734.0,3750.0,3669.0,3679.0,185241
2025-09-18,3683.0,3691.0,3652.0,3660.0,106105
2025-09-19,3659.0,3706.0,3656.0,3699.0,113402
2025-09-22,3694.0,3737.0,3685.0,3727.0,130069
2025-09-23,3705.0,3712.0,3544.0,3577.0,257879
2025-09-24,3579.0,3606.0,3557.0,3599.0,146261
2025-09-25,3618.0,3651.0,3618.0,3645.0,132464
2025-09-26,3655.0,3659.0,3603.0,3609.0,107807
2025-09-29,3609.0,3624.0,3594.0,3600.0,90643
2025-09-30,3598.0,3610.0,3587.0,3601.0,76393
2025-10-09,3632.0,3652.0,3612.0,3632.0,102137
2025-10-10,3628.0,3650.0,3599.0,3617.0,128482
2025-10-13,3606.0,3656.0,3606.0,3632.0,110503
2025-10-14,3639.0,3652.0,3565.0,3593.0,127859
2025-10-15,3596.0,3628.0,3577.0,3614.0,92430
2025-10-16,3609.0,3621.0,3590.0,3593.0,114728
2025-10-17,3583.0,3610.0,3558.0,3567.0,112738
2025-10-20,3575.0,3631.0,3575.0,3600.0,109199
2025-10-21,3598.0,3646.0,3585.0,3589.0,109225
2025-10-22,3586.0,3594.0,3546.0,3585.0,117963
2025-10-23,3590.0,3638.0,3575.0,3629.0,100316
2025-10-24,3629.0,3651.0,3603.0,3616.0,78453
2025-10-27,3645.0,3668.0,3640.0,3653.0,80829
2025-10-28,3670.0,3700.0,3653.0,3683.0,118796
2025-10-29,3684.0,3691.0,3643.0,3671.0,125105
2025-10-30,3662.0,3707.0,3659.0,3704.0,131937
2025-10-31,3727.0,3733.0,3690.0,3720.0,151941
2025-11-03,3716.0,3756.0,3712.0,3738.0,137836
2025-11-04,3739.0,3767.0,3724.0,3725.0,123136
2025-11-05,3719.0,3791.0,3708.0,3787.0,161436
2025-11-06,3783.0,3806.0,3765.0,3781.0,128755
2025-11-07,3776.0,3785.0,3730.0,3758.0,141610
2025-11-10,3761.0,3774.0,3736.0,3771.0,110057
2025-11-11,3774.0,3785.0,3753.0,3764.0,102180
2025-11-12,3755.0,3782.0,3743.0,3770.0,88386
2025-11-13,3763.0,3796.0,3747.0,3789.0,116012
2025-11-14,3789.0,3817.0,3780.0,3803.0,124697
2025-11-17,3804.0,3820.0,3733.0,3755.0,146091
2025-11-18,3757.0,3803.0,3752.0,3755.0,103318
2025-11-19,3766.0,3779.0,3739.0,3748.0,113241
2025-11-20,3741.0,3750.0,3697.0,3711.0,124929
2025-11-21,3715.0,3718.0,3693.0,3695.0,103163
2025-11-24,3688.0,3708.0,3669.0,3691.0,107256
2025-11-25,3686.0,3717.0,3671.0,3706.0,124537
2025-11-26,3700.0,3723.0,3694.0,3713.0,108288
2025-11-27,3720.0,3773.0,3704.0,3767.0,129622
2025-11-28,3762.0,3775.0,3756.0,3760.0,91606
2025-12-01,3757.0,3779.0,3752.0,3766.0,75969
2025-12-02,3758.0,3768.0,3742.0,3765.0,97834
2025-12-03,3759.0,3774.0,3726.0,3770.0,132226
2025-12-04,3770.0,3772.0,3727.0,3758.0,117260
2025-12-05,3756.0,3766.0,3741.0,3758.0,85133
2025-12-08,3763.0,3789.0,3738.0,3743.0,147696
2025-12-09,3745.0,3745.0,3697.0,3703.0,129494
2025-12-10,3692.0,3778.0,3681.0,3773.0,182207
2025-12-11,3772.0,3816.0,3772.0,3815.0,123064
2025-12-12,3815.0,3829.0,3798.0,3805.0,127679
2025-12-15,3800.0,3812.0,3787.0,3807.0,90513
2025-12-16,3820.0,3820.0,3769.0,3783.0,113164
2025-12-17,3786.0,3786.0,3737.0,3739.0,98903
2025-12-18,3725.0,3739.0,3693.0,3706.0,98419
2025-12-19,3691.0,3700.0,3638.0,3676.0,71364
2025-12-22,3414.0,3441.0,3409.0,3429.0,71112
2025-12-23,3426.0,3446.0,3426.0,3437.0,96974
2025-12-24,3434.0,3450.0,3420.0,3421.0,88134
2025-12-25,3427.0,3469.0,3415.0,3460.0,81663
2025-12-26,3457.0,3505.0,3457.0,3491.0,88921
2025-12-29,3500.0,3511.0,3476.0,3483.0,88045
2025-12-30,3475.0,3496.0,3470.0,3492.0,65324
2025-12-31,3493.0,3499.0,3455.0,3459.0,81439
2026-01-05,3449.0,3465.0,3440.0,3459.0,66826
2026-01-06,3457.0,3500.0,3457.0,3497.0,100157
2026-01-07,3507.0,3543.0,3493.0,3536.0,131087
2026-01-08,3536.0,3558.0,3507.0,3510.0,107223
2026-01-09,3517.0,3532.0,3496.0,3519.0,101704
2026-01-12,3510.0,3529.0,3500.0,3522.0,108021
2026-01-13,3530.0,3539.0,3486.0,3492.0,130483
2026-01-14,3499.0,3499.0,3460.0,3473.0,123664
2026-01-15,3465.0,3490.0,3438.0,3441.0,129328
2026-01-16,3448.0,3466.0,3424.0,3443.0,141768
2026-01-19,3445.0,3466.0,3416.0,3438.0,126904
2026-01-20,3440.0,3467.0,3428.0,3464.0,101691
2026-01-21,3459.0,3472.0,3433.0,3453.0,100458
2026-01-22,3465.0,3504.0,3459.0,3501.0,130716
2026-01-23,3515.0,3515.0,3485.0,3493.0,118508
2026-01-26,3501.0,3543.0,3499.0,3535.0,138144
2026-01-27,3528.0,3543.0,3518.0,3535.0,130884
2026-01-28,3543.0,3573.0,3541.0,3571.0,146269
2026-01-29,3563.0,3607.0,3560.0,3596.0,172127
2026-01-30,3610.0,3613.0,3531.0,3551.0,174323
2026-02-02,3546.0,3554.0,3480.0,3491.0,166774
2026-02-03,3496.0,3504.0,3463.0,3468.0,134059
2026-02-04,3479.0,3490.0,3464.0,3473.0,117828
2026-02-05,3467.0,3512.0,3455.0,3468.0,150755
2026-02-06,3471.0,3488.0,3465.0,3468.0,82826
2026-02-09,3479.0,3500.0,3466.0,3471.0,99733
2026-02-10,3474.0,3491.0,3459.0,3468.0,98600
2026-02-11,3470.0,3517.0,3470.0,3506.0,112665
2026-02-12,3510.0,3539.0,3498.0,3525.0,154420
2026-02-13,3535.0,3551.0,3518.0,3523.0,130490
2026-02-24,3533.0,3553.0,3517.0,3526.0,95019
2026-02-25,3526.0,3606.0,3524.0,3589.0,187194
2026-02-26,3580.0,3599.0,3570.0,3585.0,108735
2026-02-27,3590.0,3596.0,3563.0,3579.0,91286
2026-03-02,3575.0,3613.0,3557.0,3582.0,117173
2026-03-03,3580.0,3640.0,3575.0,3610.0,196546
2026-03-04,3620.0,3645.0,3592.0,3609.0,151173
2026-03-05,3608.0,3634.0,3586.0,3624.0,95400
2026-03-06,3630.0,3696.0,3621.0,3682.0,183037
2026-03-09,3700.0,3883.0,3696.0,3792.0,281359
2026-03-10,3790.0,3799.0,3685.0,3737.0,216700
2026-03-11,3778.0,3850.0,3759.0,3843.0,240339
2026-03-12,3880.0,3904.0,3818.0,3838.0,231138
2026-03-13,3850.0,3994.0,3841.0,3923.0,326539
2026-03-16,3916.0,3933.0,3840.0,3877.0,212391
2026-03-17,3860.0,3871.0,3787.0,3858.0,194309
2026-03-18,3861.0,3879.0,3796.0,3807.0,140093
2026-03-19,3808.0,3869.0,3805.0,3829.0,131688
2026-03-20,3832.0,3841.0,3787.0,3813.0,138779
2026-03-23,3806.0,3830.0,3766.0,3813.0,138627
2026-03-24,3788.0,3792.0,3733.0,3743.0,142801
2026-03-25,3737.0,3749.0,3704.0,3708.0,114512
2026-03-26,3715.0,3757.0,3708.0,3746.0,106085
2026-03-27,3750.0,3762.0,3705.0,3735.0,128278
2026-03-30,3734.0,3767.0,3711.0,3745.0,127455
2026-03-31,3741.0,3752.0,3704.0,3718.0,116820
2026-04-01,3718.0,3755.0,3668.0,3670.0,157037
2026-04-02,3672.0,3705.0,3652.0,3690.0,108950
2026-04-03,3700.0,3702.0,3660.0,3668.0,84924
2026-04-07,3666.0,3683.0,3650.0,3679.0,62996
2026-04-08,3671.0,3692.0,3606.0,3613.0,138704
2026-04-09,3613.0,3645.0,3598.0,3633.0,103407
2026-04-10,3636.0,3660.0,3614.0,3622.0,96501
2026-04-13,3625.0,3652.0,3618.0,3620.0,73428
2026-04-14,3620.0,3628.0,3588.0,3602.0,91325
2026-04-15,3619.0,3619.0,3563.0,3602.0,89739
2026-04-16,3616.0,3636.0,3609.0,3633.0,86823
2026-04-17,3633.0,3640.0,3597.0,3604.0,131481
2026-04-20,3599.0,3620.0,3558.0,3608.0,152301
2026-04-21,3607.0,3663.0,3597.0,3656.0,190166
2026-04-22,3661.0,3711.0,3659.0,3700.0,229445
2026-04-23,3696.0,3703.0,3644.0,3660.0,170727
2026-04-24,3656.0,3677.0,3615.0,3619.0,183417
2026-04-27,3616.0,3639.0,3610.0,3625.0,155681
2026-04-28,3626.0,3653.0,3615.0,3651.0,158558
2026-04-29,3654.0,3681.0,3631.0,3673.0,184140
2026-04-30,3676.0,3696.0,3655.0,3669.0,136181
2026-05-06,3679.0,3705.0,3631.0,3648.0,147031
2026-05-07,3641.0,3656.0,3587.0,3602.0,191331
2026-05-08,3589.0,3604.0,3555.0,3575.0,200743
2026-05-11,3583.0,3652.0,3574.0,3645.0,222152
2026-05-12,3649.0,3657.0,3623.0,3645.0,180982
2026-05-13,3646.0,3681.0,3636.0,3649.0,208721
2026-05-14,3655.0,3680.0,3611.0,3619.0,225765
2026-05-15,3598.0,3600.0,3536.0,3540.0,256151
2026-05-18,3521.0,3565.0,3515.0,3562.0,195231
2026-05-19,3562.0,3653.0,3548.0,3649.0,279269
2026-05-20,3644.0,3661.0,3621.0,3641.0,227983
2026-05-21,3638.0,3645.0,3601.0,3603.0,185386
2026-05-22,3608.0,3615.0,3570.0,3579.0,155519
2026-05-25,3579.0,3590.0,3535.0,3540.0,189256
2026-05-26,3548.0,3568.0,3535.0,3551.0,165155
2026-05-27,3556.0,3568.0,3546.0,3554.0,139694
2026-05-28,3545.0,3605.0,3542.0,3590.0,168114
2026-05-29,3590.0,3601.0,3576.0,3582.0,139592
2026-06-01,3582.0,3602.0,3565.0,3596.0,152954
2026-06-02,3593.0,3603.0,3552.0,3574.0,174083
2026-06-03,3575.0,3611.0,3537.0,3587.0,256333
2026-06-04,3592.0,3600.0,3526.0,3533.0,219605
2026-06-05,3531.0,3542.0,3492.0,3510.0,189154
2026-06-08,3511.0,3518.0,3478.0,3488.0,165996
2026-06-09,3490.0,3498.0,3450.0,3459.0,181945
2026-06-10,3461.0,3487.0,3448.0,3482.0,135178
2026-06-11,3475.0,3524.0,3475.0,3519.0,171251
2026-06-12,3520.0,3528.0,3493.0,3515.0,131357
2026-06-15,3510.0,3519.0,3488.0,3506.0,135284
2026-06-16,3496.0,3524.0,3481.0,3519.0,151105
2026-06-17,3520.0,3560.0,3507.0,3542.0,166637
2026-06-18,3553.0,3562.0,3517.0,3537.0,115659
2026-06-22,3535.0,3553.0,3503.0,3513.0,79571
2026-06-23,3655.0,3672.0,3635.0,3670.0,88695
2026-06-24,3670.0,3691.0,3661.0,3690.0,126074
2026-06-25,3690.0,3699.0,3635.0,3684.0,205490
2026-06-26,3684.0,3729.0,3683.0,3721.0,151155
2026-06-29,3718.0,3740.0,3703.0,3719.0,136109
2026-06-30,3715.0,3722.0,3676.0,3688.0,133750
