sample_position,anchor_date,target_date,close_t,actual_dce_corn_close,predicted_dce_corn_close,mase_scale,selected_threshold,threshold_calibration_end_date,n_threshold_samples,actual_return,predicted_return,actual_trend,predicted_trend_threshold_0,predicted_trend_selected,horizon,lookback,split_strategy,model,feature_set,seed
1943,2024-06-28,2024-07-12,2509.0,2404.0,2423.8935720399822,12.692946058091286,0.03,2024-06-27,231,-0.04184934236747706,-0.03392045753687434,0,0,0,10,5,chronological_712,tcn,full_safe,3407
1944,2024-07-01,2024-07-15,2483.0,2384.0,2423.774887661508,12.692946058091286,0.03,2024-06-27,231,-0.03987112364075718,-0.023852240168542926,0,0,0,10,5,chronological_712,tcn,full_safe,3407
1945,2024-07-02,2024-07-16,2489.0,2381.0,2422.6357349254977,12.692946058091286,0.03,2024-06-27,231,-0.0433909200482121,-0.02666302333246373,0,0,0,10,5,chronological_712,tcn,full_safe,3407
1946,2024-07-03,2024-07-17,2483.0,2388.0,2417.166846828004,12.692946058091286,0.03,2024-06-27,231,-0.03826016915022146,-0.026513553432136905,0,0,0,10,5,chronological_712,tcn,full_safe,3407
1947,2024-07-04,2024-07-18,2472.0,2394.0,2414.583209995413,12.692946058091286,0.03,2024-06-27,231,-0.03155339805825241,-0.023226856797971984,0,0,0,10,5,chronological_712,tcn,full_safe,3407
1948,2024-07-05,2024-07-19,2469.0,2395.0,2403.1138844676825,12.692946058091286,0.03,2024-06-27,231,-0.029971648440664245,-0.02668534448453519,0,0,0,10,5,chronological_712,tcn,full_safe,3407
1949,2024-07-08,2024-07-22,2459.0,2406.0,2398.555700977071,12.692946058091286,0.03,2024-06-27,231,-0.021553477023180112,-0.024580845474960977,0,0,0,10,5,chronological_712,tcn,full_safe,3407
1950,2024-07-09,2024-07-23,2436.0,2393.0,2386.7746395354625,12.692946058091286,0.03,2024-06-27,231,-0.01765188834154352,-0.020207455034703448,0,0,0,10,5,chronological_712,tcn,full_safe,3407
1951,2024-07-10,2024-07-24,2420.0,2371.0,2382.4513945025537,12.692946058091286,0.03,2024-06-27,231,-0.020247933884297575,-0.01551595268489514,0,0,0,10,5,chronological_712,tcn,full_safe,3407
1952,2024-07-11,2024-07-25,2413.0,2350.0,2372.057676533488,12.692946058091286,0.03,2024-06-27,231,-0.02610857853294657,-0.016967394722963935,0,0,0,10,5,chronological_712,tcn,full_safe,3407
1953,2024-07-12,2024-07-26,2404.0,2357.0,2367.2463559325843,12.692946058091286,0.03,2024-06-27,231,-0.01955074875207985,-0.015288537465647178,0,0,0,10,5,chronological_712,tcn,full_safe,3407
1954,2024-07-15,2024-07-29,2384.0,2347.0,2358.035150097254,12.692946058091286,0.03,2024-06-27,231,-0.015520134228187876,-0.010891296100145276,0,0,0,10,5,chronological_712,tcn,full_safe,3407
1955,2024-07-16,2024-07-30,2381.0,2339.0,2348.0492363416743,12.692946058091286,0.03,2024-06-27,231,-0.01763964720705591,-0.013839043955617747,0,0,0,10,5,chronological_712,tcn,full_safe,3407
1956,2024-07-17,2024-07-31,2388.0,2351.0,2335.4409153325905,12.692946058091286,0.03,2024-06-27,231,-0.015494137353433857,-0.022009666946151363,0,0,0,10,5,chronological_712,tcn,full_safe,3407
1957,2024-07-18,2024-08-01,2394.0,2337.0,2333.79545978424,12.692946058091286,0.03,2024-06-27,231,-0.023809523809523836,-0.0251480953282206,0,0,0,10,5,chronological_712,tcn,full_safe,3407
1958,2024-07-19,2024-08-02,2395.0,2321.0,2326.689250492931,12.692946058091286,0.03,2024-06-27,231,-0.030897703549060518,-0.028522233614642567,0,0,0,10,5,chronological_712,tcn,full_safe,3407
1959,2024-07-22,2024-08-05,2406.0,2281.0,2333.377162396362,12.692946058091286,0.03,2024-06-27,231,-0.051953449709060684,-0.0301840555293591,0,0,0,10,5,chronological_712,tcn,full_safe,3407
1960,2024-07-23,2024-08-06,2393.0,2265.0,2332.3403395544883,12.692946058091286,0.03,2024-06-27,231,-0.05348934391976601,-0.025348792497079664,0,0,0,10,5,chronological_712,tcn,full_safe,3407
1961,2024-07-24,2024-08-07,2371.0,2274.0,2333.395318161318,12.692946058091286,0.03,2024-06-27,231,-0.04091100801349645,-0.01586026226852899,0,0,0,10,5,chronological_712,tcn,full_safe,3407
1962,2024-07-25,2024-08-08,2350.0,2300.0,2327.9636708258004,12.692946058091286,0.03,2024-06-27,231,-0.021276595744680882,-0.009377161350723195,0,0,0,10,5,chronological_712,tcn,full_safe,3407
1963,2024-07-26,2024-08-09,2357.0,2319.0,2324.4225103861463,12.692946058091286,0.03,2024-06-27,231,-0.016122189223589323,-0.013821590841685882,0,0,0,10,5,chronological_712,tcn,full_safe,3407
1964,2024-07-29,2024-08-12,2347.0,2303.0,2314.020372144987,12.692946058091286,0.03,2024-06-27,231,-0.01874733702599063,-0.01405182269067451,0,0,0,10,5,chronological_712,tcn,full_safe,3407
1965,2024-07-30,2024-08-13,2339.0,2294.0,2306.702926961563,12.692946058091286,0.03,2024-06-27,231,-0.019238991021804153,-0.013808068849267552,0,0,0,10,5,chronological_712,tcn,full_safe,3407
1966,2024-07-31,2024-08-14,2351.0,2286.0,2307.589328575985,12.692946058091286,0.03,2024-06-27,231,-0.027647809442790328,-0.018464768789457797,0,0,0,10,5,chronological_712,tcn,full_safe,3407
1967,2024-08-01,2024-08-15,2337.0,2300.0,2307.3471992916893,12.692946058091286,0.03,2024-06-27,231,-0.015832263585793704,-0.012688404239756368,0,0,0,10,5,chronological_712,tcn,full_safe,3407
1968,2024-08-02,2024-08-16,2321.0,2254.0,2313.0425055036467,12.692946058091286,0.03,2024-06-27,231,-0.028866867729426926,-0.003428476732595165,0,0,0,10,5,chronological_712,tcn,full_safe,3407
1969,2024-08-05,2024-08-19,2281.0,2287.0,2304.6794169216737,12.692946058091286,0.03,2024-06-27,231,0.002630425252082347,0.010381156037559736,1,1,0,10,5,chronological_712,tcn,full_safe,3407
1970,2024-08-06,2024-08-20,2265.0,2285.0,2293.202979194679,12.692946058091286,0.03,2024-06-27,231,0.008830022075055233,0.012451646443566888,1,1,0,10,5,chronological_712,tcn,full_safe,3407
1971,2024-08-07,2024-08-21,2274.0,2303.0,2270.3893312957316,12.692946058091286,0.03,2024-06-27,231,0.012752858399296407,-0.0015878050590449888,1,0,0,10,5,chronological_712,tcn,full_safe,3407
1972,2024-08-08,2024-08-22,2300.0,2324.0,2270.53462745095,12.692946058091286,0.03,2024-06-27,231,0.01043478260869568,-0.012811031543065177,1,0,0,10,5,chronological_712,tcn,full_safe,3407
1973,2024-08-09,2024-08-23,2319.0,2312.0,2270.0690821865537,12.692946058091286,0.03,2024-06-27,231,-0.003018542475204833,-0.02110000768152065,0,0,0,10,5,chronological_712,tcn,full_safe,3407
1974,2024-08-12,2024-08-26,2303.0,2333.0,2284.6379255974207,12.692946058091286,0.03,2024-06-27,231,0.013026487190620939,-0.007973110899947566,1,0,0,10,5,chronological_712,tcn,full_safe,3407
1975,2024-08-13,2024-08-27,2294.0,2345.0,2295.369712487489,12.692946058091286,0.03,2024-06-27,231,0.022231909328683575,0.000597084780945556,1,1,0,10,5,chronological_712,tcn,full_safe,3407
1976,2024-08-14,2024-08-28,2286.0,2343.0,2295.479876522724,12.692946058091286,0.03,2024-06-27,231,0.02493438320209984,0.004146927612740159,1,1,0,10,5,chronological_712,tcn,full_safe,3407
1977,2024-08-15,2024-08-29,2300.0,2344.0,2296.5206450269034,12.692946058091286,0.03,2024-06-27,231,0.019130434782608674,-0.0015127630317811613,1,0,0,10,5,chronological_712,tcn,full_safe,3407
1978,2024-08-16,2024-08-30,2254.0,2338.0,2285.647150246974,12.692946058091286,0.03,2024-06-27,231,0.037267080745341685,0.014040439328737442,1,1,0,10,5,chronological_712,tcn,full_safe,3407
1979,2024-08-19,2024-09-02,2287.0,2287.0,2281.2761498338805,12.692946058091286,0.03,2024-06-27,231,0.0,-0.002502776635819659,0,0,0,10,5,chronological_712,tcn,full_safe,3407
1980,2024-08-20,2024-09-03,2285.0,2272.0,2270.2460008237267,12.692946058091286,0.03,2024-06-27,231,-0.005689277899343592,-0.006456892418500337,0,0,0,10,5,chronological_712,tcn,full_safe,3407
1981,2024-08-21,2024-09-04,2303.0,2289.0,2275.682587385065,12.692946058091286,0.03,2024-06-27,231,-0.006079027355623046,-0.011861664183645315,0,0,0,10,5,chronological_712,tcn,full_safe,3407
1982,2024-08-22,2024-09-05,2324.0,2282.0,2272.5218116650503,12.692946058091286,0.03,2024-06-27,231,-0.01807228915662651,-0.022150683448773467,0,0,0,10,5,chronological_712,tcn,full_safe,3407
1983,2024-08-23,2024-09-06,2312.0,2268.0,2291.9565930784065,12.692946058091286,0.03,2024-06-27,231,-0.01903114186851207,-0.008669293651208276,0,0,0,10,5,chronological_712,tcn,full_safe,3407
1984,2024-08-26,2024-09-09,2333.0,2224.0,2306.451491060743,12.692946058091286,0.03,2024-06-27,231,-0.046720960137162426,-0.011379558053689176,0,0,0,10,5,chronological_712,tcn,full_safe,3407
1985,2024-08-27,2024-09-10,2345.0,2208.0,2310.083201591129,12.692946058091286,0.03,2024-06-27,231,-0.05842217484008527,-0.01488989271167196,0,0,0,10,5,chronological_712,tcn,full_safe,3407
1986,2024-08-28,2024-09-11,2343.0,2209.0,2322.5332672316617,12.692946058091286,0.03,2024-06-27,231,-0.05719163465642341,-0.008735267933563051,0,0,0,10,5,chronological_712,tcn,full_safe,3407
1987,2024-08-29,2024-09-12,2344.0,2197.0,2320.8649096868867,12.692946058091286,0.03,2024-06-27,231,-0.0627133105802048,-0.00986991907556034,0,0,0,10,5,chronological_712,tcn,full_safe,3407
1988,2024-08-30,2024-09-13,2338.0,2200.0,2325.4118995050885,12.692946058091286,0.03,2024-06-27,231,-0.05902480752780159,-0.005384131948208526,0,0,0,10,5,chronological_712,tcn,full_safe,3407
1989,2024-09-02,2024-09-18,2287.0,2199.0,2305.2739824842793,12.692946058091286,0.03,2024-06-27,231,-0.03847835592479232,0.007990372752199049,0,1,0,10,5,chronological_712,tcn,full_safe,3407
1990,2024-09-03,2024-09-19,2272.0,2174.0,2282.152844547196,12.692946058091286,0.03,2024-06-27,231,-0.04313380281690138,0.004468681578871481,0,1,0,10,5,chronological_712,tcn,full_safe,3407
1991,2024-09-04,2024-09-20,2289.0,2164.0,2256.7724575433567,12.692946058091286,0.03,2024-06-27,231,-0.054608999563128036,-0.014079310815484192,0,0,0,10,5,chronological_712,tcn,full_safe,3407
1992,2024-09-05,2024-09-23,2282.0,2138.0,2240.7357419796353,12.692946058091286,0.03,2024-06-27,231,-0.06310254163014895,-0.018082496941439374,0,0,0,10,5,chronological_712,tcn,full_safe,3407
1993,2024-09-06,2024-09-24,2268.0,2150.0,2236.851037297736,12.692946058091286,0.03,2024-06-27,231,-0.052028218694885386,-0.013734110538917044,0,0,0,10,5,chronological_712,tcn,full_safe,3407
1994,2024-09-09,2024-09-25,2224.0,2142.0,2215.1849087973505,12.692946058091286,0.03,2024-06-27,231,-0.036870503597122295,-0.00396362014507623,0,0,0,10,5,chronological_712,tcn,full_safe,3407
1995,2024-09-10,2024-09-26,2208.0,2150.0,2206.1335273031727,12.692946058091286,0.03,2024-06-27,231,-0.026268115942028936,-0.0008453227793602247,0,0,0,10,5,chronological_712,tcn,full_safe,3407
1996,2024-09-11,2024-09-27,2209.0,2179.0,2179.964702975329,12.692946058091286,0.03,2024-06-27,231,-0.01358080579447718,-0.013144091002567193,0,0,0,10,5,chronological_712,tcn,full_safe,3407
1997,2024-09-12,2024-09-30,2197.0,2225.0,2176.073956498025,12.692946058091286,0.03,2024-06-27,231,0.012744651797906181,-0.009524826355018279,1,0,0,10,5,chronological_712,tcn,full_safe,3407
1998,2024-09-13,2024-10-08,2200.0,2184.0,2153.115886279397,12.692946058091286,0.03,2024-06-27,231,-0.0072727272727273196,-0.02131096078209238,0,0,0,10,5,chronological_712,tcn,full_safe,3407
1999,2024-09-18,2024-10-09,2199.0,2184.0,2154.24561088392,12.692946058091286,0.03,2024-06-27,231,-0.006821282401091366,-0.02035215512327415,0,0,0,10,5,chronological_712,tcn,full_safe,3407
2000,2024-09-19,2024-10-10,2174.0,2210.0,2168.1322996751633,12.692946058091286,0.03,2024-06-27,231,0.016559337626494974,-0.002699034188057392,1,0,0,10,5,chronological_712,tcn,full_safe,3407
2001,2024-09-20,2024-10-11,2164.0,2213.0,2195.6992269106677,12.692946058091286,0.03,2024-06-27,231,0.02264325323475047,0.01464844127110343,1,1,0,10,5,chronological_712,tcn,full_safe,3407
2002,2024-09-23,2024-10-14,2138.0,2227.0,2168.284727686478,12.692946058091286,0.03,2024-06-27,231,0.04162768942937323,0.014164980208829725,1,1,0,10,5,chronological_712,tcn,full_safe,3407
2003,2024-09-24,2024-10-15,2150.0,2222.0,2145.5776519834394,12.692946058091286,0.03,2024-06-27,231,0.033488372093023244,-0.002056906054214269,1,0,0,10,5,chronological_712,tcn,full_safe,3407
2004,2024-09-25,2024-10-16,2142.0,2210.0,2119.624009210016,12.692946058091286,0.03,2024-06-27,231,0.031746031746031855,-0.010446307558349188,1,0,0,10,5,chronological_712,tcn,full_safe,3407
2005,2024-09-26,2024-10-17,2150.0,2193.0,2131.756406147335,12.692946058091286,0.03,2024-06-27,231,0.020000000000000018,-0.008485392489611665,1,0,0,10,5,chronological_712,tcn,full_safe,3407
2006,2024-09-27,2024-10-18,2179.0,2198.0,2132.123838801581,12.692946058091286,0.03,2024-06-27,231,0.008719596145020603,-0.021512694446268577,1,0,0,10,5,chronological_712,tcn,full_safe,3407
2007,2024-09-30,2024-10-21,2225.0,2170.0,2154.7142476319164,12.692946058091286,0.03,2024-06-27,231,-0.024719101123595544,-0.031589102187902784,0,0,0,10,5,chronological_712,tcn,full_safe,3407
2008,2024-10-08,2024-10-22,2184.0,2179.0,2147.679653541037,12.692946058091286,0.03,2024-06-27,231,-0.0022893772893772812,-0.016630195265092906,0,0,0,10,5,chronological_712,tcn,full_safe,3407
2009,2024-10-09,2024-10-23,2184.0,2228.0,2235.2754600006483,12.692946058091286,0.03,2024-06-27,231,0.020146520146520075,0.023477774725571665,1,1,0,10,5,chronological_712,tcn,full_safe,3407
2010,2024-10-10,2024-10-24,2210.0,2230.0,2189.5624764974987,12.692946058091286,0.03,2024-06-27,231,0.009049773755656076,-0.00924774819117713,1,0,0,10,5,chronological_712,tcn,full_safe,3407
2011,2024-10-11,2024-10-25,2213.0,2225.0,2255.319067114833,12.692946058091286,0.03,2024-06-27,231,0.005422503389064692,0.019122940404352917,1,1,0,10,5,chronological_712,tcn,full_safe,3407
2012,2024-10-14,2024-10-28,2227.0,2227.0,2218.5521706040417,12.692946058091286,0.03,2024-06-27,231,0.0,-0.003793367488081789,0,0,0,10,5,chronological_712,tcn,full_safe,3407
2013,2024-10-15,2024-10-29,2222.0,2226.0,2229.5527485907223,12.692946058091286,0.03,2024-06-27,231,0.0018001800180018623,0.003399076773502374,1,1,0,10,5,chronological_712,tcn,full_safe,3407
2014,2024-10-16,2024-10-30,2210.0,2247.0,2293.1440301420844,12.692946058091286,0.03,2024-06-27,231,0.01674208144796374,0.03762173309596584,1,1,1,10,5,chronological_712,tcn,full_safe,3407
2015,2024-10-17,2024-10-31,2193.0,2248.0,2232.6622378487064,12.692946058091286,0.03,2024-06-27,231,0.025079799361605204,0.01808583577232392,1,1,0,10,5,chronological_712,tcn,full_safe,3407
2016,2024-10-18,2024-11-01,2198.0,2240.0,2268.664340630585,12.692946058091286,0.03,2024-06-27,231,0.019108280254777066,0.03214938154257729,1,1,1,10,5,chronological_712,tcn,full_safe,3407
2017,2024-10-21,2024-11-04,2170.0,2217.0,2200.217129978261,12.692946058091286,0.03,2024-06-27,231,0.021658986175115302,0.013924944690442809,1,1,0,10,5,chronological_712,tcn,full_safe,3407
2018,2024-10-22,2024-11-05,2179.0,2225.0,2202.134957740642,12.692946058091286,0.03,2024-06-27,231,0.021110601193207845,0.010617236227921989,1,1,0,10,5,chronological_712,tcn,full_safe,3407
2019,2024-10-23,2024-11-06,2228.0,2222.0,2192.1691475633847,12.692946058091286,0.03,2024-06-27,231,-0.0026929982046678402,-0.01608207021392072,0,0,0,10,5,chronological_712,tcn,full_safe,3407
2020,2024-10-24,2024-11-07,2230.0,2225.0,2193.200734539971,12.692946058091286,0.03,2024-06-27,231,-0.0022421524663677195,-0.016501912762344806,0,0,0,10,5,chronological_712,tcn,full_safe,3407
2021,2024-10-25,2024-11-08,2225.0,2199.0,2201.4906568187603,12.692946058091286,0.03,2024-06-27,231,-0.01168539325842699,-0.010565996935388622,0,0,0,10,5,chronological_712,tcn,full_safe,3407
2022,2024-10-28,2024-11-11,2227.0,2187.0,2209.0715803931653,12.692946058091286,0.03,2024-06-27,231,-0.017961383026493083,-0.00805048029045119,0,0,0,10,5,chronological_712,tcn,full_safe,3407
2023,2024-10-29,2024-11-12,2226.0,2189.0,2211.3328380307685,12.692946058091286,0.03,2024-06-27,231,-0.01662174303683739,-0.006589021549520013,0,0,0,10,5,chronological_712,tcn,full_safe,3407
2024,2024-10-30,2024-11-13,2247.0,2197.0,2218.660983678814,12.692946058091286,0.03,2024-06-27,231,-0.022251891410769886,-0.012611934277341419,0,0,0,10,5,chronological_712,tcn,full_safe,3407
2025,2024-10-31,2024-11-14,2248.0,2195.0,2230.748570186799,12.692946058091286,0.03,2024-06-27,231,-0.023576512455516063,-0.007674123582384729,0,0,0,10,5,chronological_712,tcn,full_safe,3407
2026,2024-11-01,2024-11-15,2240.0,2182.0,2232.738363398619,12.692946058091286,0.03,2024-06-27,231,-0.025892857142857162,-0.0032418020541878922,0,0,0,10,5,chronological_712,tcn,full_safe,3407
2027,2024-11-04,2024-11-18,2217.0,2209.0,2229.089247636868,12.692946058091286,0.03,2024-06-27,231,-0.0036084799278304214,0.005452975930026138,0,1,0,10,5,chronological_712,tcn,full_safe,3407
2028,2024-11-05,2024-11-19,2225.0,2205.0,2226.4167404792006,12.692946058091286,0.03,2024-06-27,231,-0.008988764044943864,0.0006367372940228044,0,1,0,10,5,chronological_712,tcn,full_safe,3407
2029,2024-11-06,2024-11-20,2222.0,2195.0,2216.5746146637193,12.692946058091286,0.03,2024-06-27,231,-0.012151215121512182,-0.0024416675680830613,0,0,0,10,5,chronological_712,tcn,full_safe,3407
2030,2024-11-07,2024-11-21,2225.0,2206.0,2201.644382180996,12.692946058091286,0.03,2024-06-27,231,-0.008539325842696677,-0.010496906884945534,0,0,0,10,5,chronological_712,tcn,full_safe,3407
2031,2024-11-08,2024-11-22,2199.0,2190.0,2186.3489552424135,12.692946058091286,0.03,2024-06-27,231,-0.004092769440654842,-0.005753089930689681,0,0,0,10,5,chronological_712,tcn,full_safe,3407
2032,2024-11-11,2024-11-25,2187.0,2195.0,2169.409614923311,12.692946058091286,0.03,2024-06-27,231,0.0036579789666209006,-0.00804315732816141,1,0,0,10,5,chronological_712,tcn,full_safe,3407
2033,2024-11-12,2024-11-26,2189.0,2193.0,2149.69428226677,12.692946058091286,0.03,2024-06-27,231,0.001827318410233092,-0.017956015410337978,1,0,0,10,5,chronological_712,tcn,full_safe,3407
2034,2024-11-13,2024-11-27,2197.0,2187.0,2136.6466614381625,12.692946058091286,0.03,2024-06-27,231,-0.004551661356395065,-0.027470795886134547,0,0,0,10,5,chronological_712,tcn,full_safe,3407
2035,2024-11-14,2024-11-28,2195.0,2183.0,2132.965551501631,12.692946058091286,0.03,2024-06-27,231,-0.0054669703872437525,-0.028261707744131614,0,0,0,10,5,chronological_712,tcn,full_safe,3407
2036,2024-11-15,2024-11-29,2182.0,2163.0,2129.1496671760287,12.692946058091286,0.03,2024-06-27,231,-0.00870760769935841,-0.024221050790087628,0,0,0,10,5,chronological_712,tcn,full_safe,3407
2037,2024-11-18,2024-12-02,2209.0,2138.0,2131.701552863764,12.692946058091286,0.03,2024-06-27,231,-0.03214124038026256,-0.03499250662572928,0,0,0,10,5,chronological_712,tcn,full_safe,3407
2038,2024-11-19,2024-12-03,2205.0,2127.0,2135.4712257639967,12.692946058091286,0.03,2024-06-27,231,-0.03537414965986396,-0.031532323916554805,0,0,0,10,5,chronological_712,tcn,full_safe,3407
2039,2024-11-20,2024-12-04,2195.0,2084.0,2151.045346375127,12.692946058091286,0.03,2024-06-27,231,-0.05056947608200457,-0.020024899145728026,0,0,0,10,5,chronological_712,tcn,full_safe,3407
2040,2024-11-21,2024-12-05,2206.0,2099.0,2156.7768747677587,12.692946058091286,0.03,2024-06-27,231,-0.04850407978241156,-0.022313293396301614,0,0,0,10,5,chronological_712,tcn,full_safe,3407
2041,2024-11-22,2024-12-06,2190.0,2089.0,2173.7098668235735,12.692946058091286,0.03,2024-06-27,231,-0.04611872146118723,-0.007438416975537154,0,0,0,10,5,chronological_712,tcn,full_safe,3407
2042,2024-11-25,2024-12-09,2195.0,2087.0,2180.382684066908,12.692946058091286,0.03,2024-06-27,231,-0.04920273348519366,-0.006659369445599972,0,0,0,10,5,chronological_712,tcn,full_safe,3407
2043,2024-11-26,2024-12-10,2193.0,2113.0,2179.14395696723,12.692946058091286,0.03,2024-06-27,231,-0.0364797081623347,-0.0063183050765024396,0,0,0,10,5,chronological_712,tcn,full_safe,3407
2044,2024-11-27,2024-12-11,2187.0,2122.0,2184.768566488914,12.692946058091286,0.03,2024-06-27,231,-0.029721079103795178,-0.0010203171061207161,0,0,0,10,5,chronological_712,tcn,full_safe,3407
2045,2024-11-28,2024-12-12,2183.0,2115.0,2175.1578355403967,12.692946058091286,0.03,2024-06-27,231,-0.03114979386165828,-0.003592379505086285,0,0,0,10,5,chronological_712,tcn,full_safe,3407
2046,2024-11-29,2024-12-13,2163.0,2115.0,2164.892678614462,12.692946058091286,0.03,2024-06-27,231,-0.02219140083217752,0.000875024787083678,0,1,0,10,5,chronological_712,tcn,full_safe,3407
2047,2024-12-02,2024-12-16,2138.0,2102.0,2150.9002003266264,12.692946058091286,0.03,2024-06-27,231,-0.016838166510757757,0.0060337700311630105,0,1,0,10,5,chronological_712,tcn,full_safe,3407
2048,2024-12-03,2024-12-17,2127.0,2186.0,2143.16926295729,12.692946058091286,0.03,2024-06-27,231,0.027738598965679317,0.007601910182082783,1,1,0,10,5,chronological_712,tcn,full_safe,3407
2049,2024-12-04,2024-12-18,2084.0,2174.0,2124.283650546211,12.692946058091286,0.03,2024-06-27,231,0.04318618042226485,0.019329966672845922,1,1,0,10,5,chronological_712,tcn,full_safe,3407
2050,2024-12-05,2024-12-19,2099.0,2177.0,2113.4157883421813,12.692946058091286,0.03,2024-06-27,231,0.03716055264411633,0.0068679315589239565,1,1,0,10,5,chronological_712,tcn,full_safe,3407
2051,2024-12-06,2024-12-20,2089.0,2184.0,2106.216984649598,12.692946058091286,0.03,2024-06-27,231,0.04547630445189088,0.00824173511230164,1,1,0,10,5,chronological_712,tcn,full_safe,3407
2052,2024-12-09,2024-12-23,2087.0,2182.0,2106.230379887207,12.692946058091286,0.03,2024-06-27,231,0.04551988500239568,0.009214365063348051,1,1,0,10,5,chronological_712,tcn,full_safe,3407
2053,2024-12-10,2024-12-24,2113.0,2189.0,2096.743964106079,12.692946058091286,0.03,2024-06-27,231,0.03596781826786555,-0.007693344010374248,1,0,0,10,5,chronological_712,tcn,full_safe,3407
2054,2024-12-11,2024-12-25,2122.0,2205.0,2100.5217284732134,12.692946058091286,0.03,2024-06-27,231,0.0391140433553252,-0.01012171136983342,1,0,0,10,5,chronological_712,tcn,full_safe,3407
2055,2024-12-12,2024-12-26,2115.0,2204.0,2102.3482341674553,12.692946058091286,0.03,2024-06-27,231,0.042080378250590966,-0.005981922379453719,1,0,0,10,5,chronological_712,tcn,full_safe,3407
2056,2024-12-13,2024-12-27,2115.0,2234.0,2102.448212389674,12.692946058091286,0.03,2024-06-27,231,0.056264775413711554,-0.0059346513523999,1,0,0,10,5,chronological_712,tcn,full_safe,3407
2057,2024-12-16,2024-12-30,2102.0,2235.0,2106.6043957932343,12.692946058091286,0.03,2024-06-27,231,0.06327307326355847,0.0021904832508250482,1,1,0,10,5,chronological_712,tcn,full_safe,3407
2058,2024-12-17,2024-12-31,2186.0,2229.0,2130.4470109491394,12.692946058091286,0.03,2024-06-27,231,0.01967063129002744,-0.025413078248335164,1,0,0,10,5,chronological_712,tcn,full_safe,3407
2059,2024-12-18,2025-01-02,2174.0,2228.0,2141.387203147495,12.692946058091286,0.03,2024-06-27,231,0.02483900643974235,-0.015001286500692324,1,0,0,10,5,chronological_712,tcn,full_safe,3407
2060,2024-12-19,2025-01-03,2177.0,2228.0,2166.8047040373935,12.692946058091286,0.03,2024-06-27,231,0.023426734037666597,-0.004683186018652474,1,0,0,10,5,chronological_712,tcn,full_safe,3407
2061,2024-12-20,2025-01-06,2184.0,2228.0,2172.0993075132205,12.692946058091286,0.03,2024-06-27,231,0.020146520146520075,-0.005449035021419135,1,0,0,10,5,chronological_712,tcn,full_safe,3407
2062,2024-12-23,2025-01-07,2182.0,2225.0,2206.9728740354276,12.692946058091286,0.03,2024-06-27,231,0.019706691109074193,0.011444946853999882,1,1,0,10,5,chronological_712,tcn,full_safe,3407
2063,2024-12-24,2025-01-08,2189.0,2230.0,2203.896738847611,12.692946058091286,0.03,2024-06-27,231,0.018730013704888027,0.006805271287168013,1,1,0,10,5,chronological_712,tcn,full_safe,3407
2064,2024-12-25,2025-01-09,2205.0,2231.0,2208.1880165105104,12.692946058091286,0.03,2024-06-27,231,0.011791383219954543,0.0014458124764218372,1,1,0,10,5,chronological_712,tcn,full_safe,3407
2065,2024-12-26,2025-01-10,2204.0,2250.0,2209.187569998652,12.692946058091286,0.03,2024-06-27,231,0.020871143375680523,0.0023537068959402774,1,1,0,10,5,chronological_712,tcn,full_safe,3407
2066,2024-12-27,2025-01-13,2234.0,2267.0,2218.6621202011083,12.692946058091286,0.03,2024-06-27,231,0.014771709937332123,-0.006865657922511925,1,0,0,10,5,chronological_712,tcn,full_safe,3407
2067,2024-12-30,2025-01-14,2235.0,2277.0,2229.8484302336983,12.692946058091286,0.03,2024-06-27,231,0.01879194630872494,-0.002304952915571201,1,0,0,10,5,chronological_712,tcn,full_safe,3407
2068,2024-12-31,2025-01-15,2229.0,2274.0,2249.008480613167,12.692946058091286,0.03,2024-06-27,231,0.020188425302826385,0.008976438139599363,1,1,0,10,5,chronological_712,tcn,full_safe,3407
2069,2025-01-02,2025-01-16,2228.0,2288.0,2257.597658504412,12.692946058091286,0.03,2024-06-27,231,0.026929982046678624,0.013284406869125576,1,1,0,10,5,chronological_712,tcn,full_safe,3407
2070,2025-01-03,2025-01-17,2228.0,2291.0,2268.8921883328403,12.692946058091286,0.03,2024-06-27,231,0.0282764811490126,0.018353764960879815,1,1,0,10,5,chronological_712,tcn,full_safe,3407
2071,2025-01-06,2025-01-20,2228.0,2286.0,2261.2940578823764,12.692946058091286,0.03,2024-06-27,231,0.026032315978456122,0.014943473017224651,1,1,0,10,5,chronological_712,tcn,full_safe,3407
2072,2025-01-07,2025-01-21,2225.0,2277.0,2252.134545941597,12.692946058091286,0.03,2024-06-27,231,0.02337078651685398,0.012195301546785275,1,1,0,10,5,chronological_712,tcn,full_safe,3407
2073,2025-01-08,2025-01-22,2230.0,2272.0,2244.2754942753145,12.692946058091286,0.03,2024-06-27,231,0.01883408071748871,0.006401566939602921,1,1,0,10,5,chronological_712,tcn,full_safe,3407
2074,2025-01-09,2025-01-23,2231.0,2280.0,2234.5003232040617,12.692946058091286,0.03,2024-06-27,231,0.02196324518153303,0.0015689480968452685,1,1,0,10,5,chronological_712,tcn,full_safe,3407
2075,2025-01-10,2025-01-24,2250.0,2267.0,2234.9269908284605,12.692946058091286,0.03,2024-06-27,231,0.007555555555555538,-0.00669911518735089,1,0,0,10,5,chronological_712,tcn,full_safe,3407
2076,2025-01-13,2025-01-27,2267.0,2283.0,2241.201801895637,12.692946058091286,0.03,2024-06-27,231,0.0070577856197617805,-0.011379884474796209,1,0,0,10,5,chronological_712,tcn,full_safe,3407
2077,2025-01-14,2025-02-05,2277.0,2287.0,2251.876641156019,12.692946058091286,0.03,2024-06-27,231,0.004391743522178304,-0.011033534845841464,1,0,0,10,5,chronological_712,tcn,full_safe,3407
2078,2025-01-15,2025-02-06,2274.0,2300.0,2261.263436111876,12.692946058091286,0.03,2024-06-27,231,0.011433597185576128,-0.005600951577890867,1,0,0,10,5,chronological_712,tcn,full_safe,3407
2079,2025-01-16,2025-02-07,2288.0,2286.0,2269.419706228011,12.692946058091286,0.03,2024-06-27,231,-0.0008741258741258306,-0.008120757767477782,0,0,0,10,5,chronological_712,tcn,full_safe,3407
2080,2025-01-17,2025-02-10,2291.0,2294.0,2271.7457027487653,12.692946058091286,0.03,2024-06-27,231,0.0013094718463553257,-0.008404320057282755,1,0,0,10,5,chronological_712,tcn,full_safe,3407
2081,2025-01-20,2025-02-11,2286.0,2296.0,2270.4179159036285,12.692946058091286,0.03,2024-06-27,231,0.004374453193350725,-0.006816309753443384,1,0,0,10,5,chronological_712,tcn,full_safe,3407
2082,2025-01-21,2025-02-12,2277.0,2303.0,2267.098312979946,12.692946058091286,0.03,2024-06-27,231,0.011418533157663502,-0.004348566982895874,1,0,0,10,5,chronological_712,tcn,full_safe,3407
2083,2025-01-22,2025-02-13,2272.0,2302.0,2263.733713780517,12.692946058091286,0.03,2024-06-27,231,0.013204225352112742,-0.00363833020223725,1,0,0,10,5,chronological_712,tcn,full_safe,3407
2084,2025-01-23,2025-02-14,2280.0,2303.0,2263.0466395919047,12.692946058091286,0.03,2024-06-27,231,0.01008771929824559,-0.007435684389515473,1,0,0,10,5,chronological_712,tcn,full_safe,3407
2085,2025-01-24,2025-02-17,2267.0,2288.0,2252.4182547868168,12.692946058091286,0.03,2024-06-27,231,0.009263343625937281,-0.0064321769797897055,1,0,0,10,5,chronological_712,tcn,full_safe,3407
2086,2025-01-27,2025-02-18,2283.0,2291.0,2271.6433228190563,12.692946058091286,0.03,2024-06-27,231,0.003504161191414834,-0.004974453430111159,1,0,0,10,5,chronological_712,tcn,full_safe,3407
2087,2025-02-05,2025-02-19,2287.0,2290.0,2281.9676128570136,12.692946058091286,0.03,2024-06-27,231,0.0013117621337996876,-0.0022004316322633555,1,0,0,10,5,chronological_712,tcn,full_safe,3407
2088,2025-02-06,2025-02-20,2300.0,2267.0,2302.6932763066616,12.692946058091286,0.03,2024-06-27,231,-0.014347826086956506,0.0011709896985485635,0,1,0,10,5,chronological_712,tcn,full_safe,3407
2089,2025-02-07,2025-02-21,2286.0,2274.0,2307.8453248618607,12.692946058091286,0.03,2024-06-27,231,-0.005249343832021025,0.00955613511017539,0,1,0,10,5,chronological_712,tcn,full_safe,3407
2090,2025-02-10,2025-02-24,2294.0,2287.0,2263.5299188928584,12.692946058091286,0.03,2024-06-27,231,-0.0030514385353095363,-0.013282511380619755,0,0,0,10,5,chronological_712,tcn,full_safe,3407
2091,2025-02-11,2025-02-25,2296.0,2275.0,2268.3415397071985,12.692946058091286,0.03,2024-06-27,231,-0.009146341463414642,-0.012046367723345552,0,0,0,10,5,chronological_712,tcn,full_safe,3407
2092,2025-02-12,2025-02-26,2303.0,2271.0,2307.6404363395413,12.692946058091286,0.03,2024-06-27,231,-0.013894919669995676,0.002014952817864346,0,1,0,10,5,chronological_712,tcn,full_safe,3407
2093,2025-02-13,2025-02-27,2302.0,2293.0,2270.4865218217565,12.692946058091286,0.03,2024-06-27,231,-0.003909643788010397,-0.013689608244241369,0,0,0,10,5,chronological_712,tcn,full_safe,3407
2094,2025-02-14,2025-02-28,2303.0,2292.0,2248.4310272164294,12.692946058091286,0.03,2024-06-27,231,-0.004776378636560996,-0.023694734165684128,0,0,0,10,5,chronological_712,tcn,full_safe,3407
2095,2025-02-17,2025-03-03,2288.0,2312.0,2190.6106145267445,12.692946058091286,0.03,2024-06-27,231,0.010489510489510412,-0.04256529085369565,1,0,0,10,5,chronological_712,tcn,full_safe,3407
2096,2025-02-18,2025-03-04,2291.0,2310.0,2173.947360669454,12.692946058091286,0.03,2024-06-27,231,0.008293321693583655,-0.05109237858164373,1,0,0,10,5,chronological_712,tcn,full_safe,3407
2097,2025-02-19,2025-03-05,2290.0,2283.0,2167.980616836485,12.692946058091286,0.03,2024-06-27,231,-0.0030567685589519833,-0.053283573433849374,0,0,0,10,5,chronological_712,tcn,full_safe,3407
2098,2025-02-20,2025-03-06,2267.0,2308.0,2166.7378082636615,12.692946058091286,0.03,2024-06-27,231,0.018085575650639507,-0.044226815940158204,1,0,0,10,5,chronological_712,tcn,full_safe,3407
2099,2025-02-21,2025-03-07,2274.0,2308.0,2177.3964717381796,12.692946058091286,0.03,2024-06-27,231,0.014951627088830355,-0.04248176264811809,1,0,0,10,5,chronological_712,tcn,full_safe,3407
2100,2025-02-24,2025-03-10,2287.0,2319.0,2225.109089378111,12.692946058091286,0.03,2024-06-27,231,0.013992129427197186,-0.02706205099339265,1,0,0,10,5,chronological_712,tcn,full_safe,3407
2101,2025-02-25,2025-03-11,2275.0,2326.0,2227.724091366854,12.692946058091286,0.03,2024-06-27,231,0.022417582417582516,-0.02078061917940488,1,0,0,10,5,chronological_712,tcn,full_safe,3407
2102,2025-02-26,2025-03-12,2271.0,2315.0,2235.393029300645,12.692946058091286,0.03,2024-06-27,231,0.019374724790841125,-0.015678983134898683,1,0,0,10,5,chronological_712,tcn,full_safe,3407
2103,2025-02-27,2025-03-13,2293.0,2299.0,2239.82595230894,12.692946058091286,0.03,2024-06-27,231,0.0026166593981682418,-0.02318972860491053,1,0,0,10,5,chronological_712,tcn,full_safe,3407
2104,2025-02-28,2025-03-14,2292.0,2309.0,2242.9075288652894,12.692946058091286,0.03,2024-06-27,231,0.0074171029668412825,-0.02141905372369579,1,0,0,10,5,chronological_712,tcn,full_safe,3407
2105,2025-03-03,2025-03-17,2312.0,2291.0,2244.1085184212334,12.692946058091286,0.03,2024-06-27,231,-0.009083044982698962,-0.029364827672476945,0,0,0,10,5,chronological_712,tcn,full_safe,3407
2106,2025-03-04,2025-03-18,2310.0,2292.0,2245.8555533301296,12.692946058091286,0.03,2024-06-27,231,-0.007792207792207795,-0.02776815873154559,0,0,0,10,5,chronological_712,tcn,full_safe,3407
2107,2025-03-05,2025-03-19,2283.0,2284.0,2247.4702727409567,12.692946058091286,0.03,2024-06-27,231,0.00043802014892690977,-0.015562736425336565,1,0,0,10,5,chronological_712,tcn,full_safe,3407
2108,2025-03-06,2025-03-20,2308.0,2280.0,2245.5821732567056,12.692946058091286,0.03,2024-06-27,231,-0.012131715771230511,-0.027044119039555614,0,0,0,10,5,chronological_712,tcn,full_safe,3407
2109,2025-03-07,2025-03-21,2308.0,2289.0,2254.821084503441,12.692946058091286,0.03,2024-06-27,231,-0.008232235701906454,-0.02304112456523355,0,0,0,10,5,chronological_712,tcn,full_safe,3407
2110,2025-03-10,2025-03-24,2319.0,2271.0,2270.6074077654303,12.692946058091286,0.03,2024-06-27,231,-0.02069857697283317,-0.020867870735045146,0,0,0,10,5,chronological_712,tcn,full_safe,3407
2111,2025-03-11,2025-03-25,2326.0,2271.0,2286.6167610188168,12.692946058091286,0.03,2024-06-27,231,-0.02364574376612205,-0.01693174504780015,0,0,0,10,5,chronological_712,tcn,full_safe,3407
2112,2025-03-12,2025-03-26,2315.0,2262.0,2306.456909198474,12.692946058091286,0.03,2024-06-27,231,-0.022894168466522702,-0.003690320000659164,0,0,0,10,5,chronological_712,tcn,full_safe,3407
2113,2025-03-13,2025-03-27,2299.0,2266.0,2307.389600865594,12.692946058091286,0.03,2024-06-27,231,-0.014354066985645897,0.003649239175986807,0,1,0,10,5,chronological_712,tcn,full_safe,3407
2114,2025-03-14,2025-03-28,2309.0,2261.0,2309.0306532835457,12.692946058091286,0.03,2024-06-27,231,-0.020788220008661762,1.3275566715265086e-05,0,1,0,10,5,chronological_712,tcn,full_safe,3407
2115,2025-03-17,2025-03-31,2291.0,2251.0,2304.351612441016,12.692946058091286,0.03,2024-06-27,231,-0.017459624618070713,0.005827853531652716,0,1,0,10,5,chronological_712,tcn,full_safe,3407
2116,2025-03-18,2025-04-01,2292.0,2254.0,2292.5295075339054,12.692946058091286,0.03,2024-06-27,231,-0.016579406631762605,0.00023102422945253664,0,1,0,10,5,chronological_712,tcn,full_safe,3407
2117,2025-03-19,2025-04-02,2284.0,2268.0,2265.480248333686,12.692946058091286,0.03,2024-06-27,231,-0.007005253940455369,-0.008108472708543757,0,0,0,10,5,chronological_712,tcn,full_safe,3407
2118,2025-03-20,2025-04-03,2280.0,2284.0,2263.274187080724,12.692946058091286,0.03,2024-06-27,231,0.0017543859649122862,-0.007335882859331622,1,0,0,10,5,chronological_712,tcn,full_safe,3407
2119,2025-03-21,2025-04-07,2289.0,2283.0,2253.736885122147,12.692946058091286,0.03,2024-06-27,231,-0.002621231979030192,-0.015405467399673523,0,0,0,10,5,chronological_712,tcn,full_safe,3407
2120,2025-03-24,2025-04-08,2271.0,2288.0,2250.433958340056,12.692946058091286,0.03,2024-06-27,231,0.007485689123734041,-0.009055940845417831,1,0,0,10,5,chronological_712,tcn,full_safe,3407
2121,2025-03-25,2025-04-09,2271.0,2309.0,2241.2396645283025,12.692946058091286,0.03,2024-06-27,231,0.016732716864817254,-0.013104507032891899,1,0,0,10,5,chronological_712,tcn,full_safe,3407
2122,2025-03-26,2025-04-10,2262.0,2316.0,2244.5031203914623,12.692946058091286,0.03,2024-06-27,231,0.023872679045092937,-0.007735136873800896,1,0,0,10,5,chronological_712,tcn,full_safe,3407
2123,2025-03-27,2025-04-11,2266.0,2314.0,2240.3529698483835,12.692946058091286,0.03,2024-06-27,231,0.02118270079435125,-0.011318195124279118,1,0,0,10,5,chronological_712,tcn,full_safe,3407
2124,2025-03-28,2025-04-14,2261.0,2310.0,2240.1759225483092,12.692946058091286,0.03,2024-06-27,231,0.021671826625387025,-0.009210118289115776,1,0,0,10,5,chronological_712,tcn,full_safe,3407
2125,2025-03-31,2025-04-15,2251.0,2302.0,2237.481607028878,12.692946058091286,0.03,2024-06-27,231,0.02265659706796974,-0.006005505540258582,1,0,0,10,5,chronological_712,tcn,full_safe,3407
2126,2025-04-01,2025-04-16,2254.0,2304.0,2231.1651449213878,12.692946058091286,0.03,2024-06-27,231,0.022182786157941337,-0.010130814143128775,1,0,0,10,5,chronological_712,tcn,full_safe,3407
2127,2025-04-02,2025-04-17,2268.0,2303.0,2232.3695154524594,12.692946058091286,0.03,2024-06-27,231,0.015432098765432167,-0.015710090188509995,1,0,0,10,5,chronological_712,tcn,full_safe,3407
2128,2025-04-03,2025-04-18,2284.0,2288.0,2238.164592596406,12.692946058091286,0.03,2024-06-27,231,0.0017513134851139256,-0.020068041770400225,1,0,0,10,5,chronological_712,tcn,full_safe,3407
2129,2025-04-07,2025-04-21,2283.0,2302.0,2238.054121199795,12.692946058091286,0.03,2024-06-27,231,0.008322382829610175,-0.019687200525713933,1,0,0,10,5,chronological_712,tcn,full_safe,3407
2130,2025-04-08,2025-04-22,2288.0,2324.0,2244.483463559325,12.692946058091286,0.03,2024-06-27,231,0.01573426573426584,-0.0190194652275677,1,0,0,10,5,chronological_712,tcn,full_safe,3407
2131,2025-04-09,2025-04-23,2309.0,2324.0,2243.8096988330544,12.692946058091286,0.03,2024-06-27,231,0.006496318752706731,-0.028233131731028815,1,0,0,10,5,chronological_712,tcn,full_safe,3407
2132,2025-04-10,2025-04-24,2316.0,2338.0,2261.1888902564733,12.692946058091286,0.03,2024-06-27,231,0.009499136442141731,-0.02366628227267986,1,0,0,10,5,chronological_712,tcn,full_safe,3407
2133,2025-04-11,2025-04-25,2314.0,2336.0,2265.180392294358,12.692946058091286,0.03,2024-06-27,231,0.009507346585998278,-0.02109749684772766,1,0,0,10,5,chronological_712,tcn,full_safe,3407
2134,2025-04-14,2025-04-28,2310.0,2361.0,2267.6106772445237,12.692946058091286,0.03,2024-06-27,231,0.02207792207792214,-0.018350356171201843,1,0,0,10,5,chronological_712,tcn,full_safe,3407
2135,2025-04-15,2025-04-29,2302.0,2355.0,2258.9649591561138,12.692946058091286,0.03,2024-06-27,231,0.02302345786272797,-0.01869463112245273,1,0,0,10,5,chronological_712,tcn,full_safe,3407
2136,2025-04-16,2025-04-30,2304.0,2377.0,2255.51607860842,12.692946058091286,0.03,2024-06-27,231,0.03168402777777768,-0.02104336865954004,1,0,0,10,5,chronological_712,tcn,full_safe,3407
2137,2025-04-17,2025-05-06,2303.0,2365.0,2247.865711020044,12.692946058091286,0.03,2024-06-27,231,0.026921406860616504,-0.023940203638713076,1,0,0,10,5,chronological_712,tcn,full_safe,3407
2138,2025-04-18,2025-05-07,2288.0,2369.0,2251.0192744696487,12.692946058091286,0.03,2024-06-27,231,0.03540209790209792,-0.016162904515013676,1,0,0,10,5,chronological_712,tcn,full_safe,3407
2139,2025-04-21,2025-05-08,2302.0,2365.0,2251.9867551556817,12.692946058091286,0.03,2024-06-27,231,0.027367506516073004,-0.02172599689153698,1,0,0,10,5,chronological_712,tcn,full_safe,3407
2140,2025-04-22,2025-05-09,2324.0,2375.0,2256.1205798061783,12.692946058091286,0.03,2024-06-27,231,0.02194492254733227,-0.029208012131592853,1,0,0,10,5,chronological_712,tcn,full_safe,3407
2141,2025-04-23,2025-05-12,2324.0,2363.0,2264.4125749872655,12.692946058091286,0.03,2024-06-27,231,0.016781411359724663,-0.02564002797449849,1,0,0,10,5,chronological_712,tcn,full_safe,3407
2142,2025-04-24,2025-05-13,2338.0,2344.0,2270.0882529588416,12.692946058091286,0.03,2024-06-27,231,0.0025662959794696683,-0.029046940565080615,1,0,0,10,5,chronological_712,tcn,full_safe,3407
2143,2025-04-25,2025-05-14,2336.0,2356.0,2286.2255543195934,12.692946058091286,0.03,2024-06-27,231,0.008561643835616417,-0.02130755380154392,1,0,0,10,5,chronological_712,tcn,full_safe,3407
2144,2025-04-28,2025-05-15,2361.0,2342.0,2283.718786422567,12.692946058091286,0.03,2024-06-27,231,-0.008047437526471857,-0.03273240727549043,0,0,0,10,5,chronological_712,tcn,full_safe,3407
2145,2025-04-29,2025-05-16,2355.0,2335.0,2319.4064156299464,12.692946058091286,0.03,2024-06-27,231,-0.00849256900212314,-0.015114048564778604,0,0,0,10,5,chronological_712,tcn,full_safe,3407
2146,2025-04-30,2025-05-19,2377.0,2330.0,2332.087759983435,12.692946058091286,0.03,2024-06-27,231,-0.019772822885990693,-0.018894505686396834,0,0,0,10,5,chronological_712,tcn,full_safe,3407
2147,2025-05-06,2025-05-20,2365.0,2312.0,2336.381812833635,12.692946058091286,0.03,2024-06-27,231,-0.022410147991543394,-0.012100713389583406,0,0,0,10,5,chronological_712,tcn,full_safe,3407
2148,2025-05-07,2025-05-21,2369.0,2324.0,2321.14955491211,12.692946058091286,0.03,2024-06-27,231,-0.018995356690586718,-0.02019858382772899,0,0,0,10,5,chronological_712,tcn,full_safe,3407
2149,2025-05-08,2025-05-22,2365.0,2329.0,2311.0234700735455,12.692946058091286,0.03,2024-06-27,231,-0.015221987315010566,-0.02282305705135501,0,0,0,10,5,chronological_712,tcn,full_safe,3407
2150,2025-05-09,2025-05-23,2375.0,2327.0,2313.434426996766,12.692946058091286,0.03,2024-06-27,231,-0.020210526315789457,-0.025922346527677442,0,0,0,10,5,chronological_712,tcn,full_safe,3407
2151,2025-05-12,2025-05-26,2363.0,2318.0,2311.268201207622,12.692946058091286,0.03,2024-06-27,231,-0.01904358865848499,-0.021892424372567887,0,0,0,10,5,chronological_712,tcn,full_safe,3407
2152,2025-05-13,2025-05-27,2344.0,2324.0,2309.6539964484,12.692946058091286,0.03,2024-06-27,231,-0.008532423208191142,-0.014652731890614334,0,0,0,10,5,chronological_712,tcn,full_safe,3407
2153,2025-05-14,2025-05-28,2356.0,2325.0,2303.849941493121,12.692946058091286,0.03,2024-06-27,231,-0.013157894736842146,-0.02213499936624741,0,0,0,10,5,chronological_712,tcn,full_safe,3407
2154,2025-05-15,2025-05-29,2342.0,2332.0,2297.530991902873,12.692946058091286,0.03,2024-06-27,231,-0.004269854824935915,-0.018987620878363254,0,0,0,10,5,chronological_712,tcn,full_safe,3407
2155,2025-05-16,2025-05-30,2335.0,2336.0,2298.443983850222,12.692946058091286,0.03,2024-06-27,231,0.0004282655246252709,-0.015655681434594393,1,0,0,10,5,chronological_712,tcn,full_safe,3407
2156,2025-05-19,2025-06-03,2330.0,2325.0,2302.244786024621,12.692946058091286,0.03,2024-06-27,231,-0.0021459227467811592,-0.011912109002308546,0,0,0,10,5,chronological_712,tcn,full_safe,3407
2157,2025-05-20,2025-06-04,2312.0,2333.0,2299.8394473814224,12.692946058091286,0.03,2024-06-27,231,0.009083044982698851,-0.005259754592810362,1,0,0,10,5,chronological_712,tcn,full_safe,3407
2158,2025-05-21,2025-06-05,2324.0,2335.0,2289.2902831838164,12.692946058091286,0.03,2024-06-27,231,0.004733218588640176,-0.014935334258254551,1,0,0,10,5,chronological_712,tcn,full_safe,3407
2159,2025-05-22,2025-06-06,2329.0,2340.0,2289.0950801187864,12.692946058091286,0.03,2024-06-27,231,0.00472305710605414,-0.017133928673771393,1,0,0,10,5,chronological_712,tcn,full_safe,3407
2160,2025-05-23,2025-06-09,2327.0,2357.0,2282.8558729355645,12.692946058091286,0.03,2024-06-27,231,0.01289213579716364,-0.01897040269206507,1,0,0,10,5,chronological_712,tcn,full_safe,3407
2161,2025-05-26,2025-06-10,2318.0,2379.0,2281.5443262077424,12.692946058091286,0.03,2024-06-27,231,0.026315789473684292,-0.01572721043669434,1,0,0,10,5,chronological_712,tcn,full_safe,3407
2162,2025-05-27,2025-06-11,2324.0,2374.0,2290.0893870197324,12.692946058091286,0.03,2024-06-27,231,0.02151462994836484,-0.014591485791853542,1,0,0,10,5,chronological_712,tcn,full_safe,3407
2163,2025-05-28,2025-06-12,2325.0,2372.0,2290.0548696224996,12.692946058091286,0.03,2024-06-27,231,0.020215053763440904,-0.015030163603225954,1,0,0,10,5,chronological_712,tcn,full_safe,3407
2164,2025-05-29,2025-06-13,2332.0,2378.0,2291.771411423797,12.692946058091286,0.03,2024-06-27,231,0.019725557461406584,-0.01725068120763429,1,0,0,10,5,chronological_712,tcn,full_safe,3407
2165,2025-05-30,2025-06-16,2336.0,2359.0,2299.6079685261757,12.692946058091286,0.03,2024-06-27,231,0.009845890410958846,-0.015578780596671393,1,0,0,10,5,chronological_712,tcn,full_safe,3407
2166,2025-06-03,2025-06-17,2325.0,2399.0,2302.3618835606467,12.692946058091286,0.03,2024-06-27,231,0.03182795698924723,-0.009736824274990674,1,0,0,10,5,chronological_712,tcn,full_safe,3407
2167,2025-06-04,2025-06-18,2333.0,2397.0,2303.4676268299627,12.692946058091286,0.03,2024-06-27,231,0.027432490355765005,-0.012658539721404738,1,0,0,10,5,chronological_712,tcn,full_safe,3407
2168,2025-06-05,2025-06-19,2335.0,2405.0,2297.944442988137,12.692946058091286,0.03,2024-06-27,231,0.02997858672376874,-0.015869617563967098,1,0,0,10,5,chronological_712,tcn,full_safe,3407
2169,2025-06-06,2025-06-20,2340.0,2409.0,2299.602321654398,12.692946058091286,0.03,2024-06-27,231,0.029487179487179382,-0.01726396510495809,1,0,0,10,5,chronological_712,tcn,full_safe,3407
2170,2025-06-09,2025-06-23,2357.0,2408.0,2304.6629051826785,12.692946058091286,0.03,2024-06-27,231,0.02163767501060665,-0.02220496173836295,1,0,0,10,5,chronological_712,tcn,full_safe,3407
2171,2025-06-10,2025-06-24,2379.0,2389.0,2316.3030235638944,12.692946058091286,0.03,2024-06-27,231,0.004203446826397617,-0.026354340662507636,1,0,0,10,5,chronological_712,tcn,full_safe,3407
2172,2025-06-11,2025-06-25,2374.0,2377.0,2322.295212272573,12.692946058091286,0.03,2024-06-27,231,0.0012636899747262564,-0.021779607298831993,1,0,0,10,5,chronological_712,tcn,full_safe,3407
2173,2025-06-12,2025-06-26,2372.0,2378.0,2336.962554282294,12.692946058091286,0.03,2024-06-27,231,0.002529510961214232,-0.01477126716598054,1,0,0,10,5,chronological_712,tcn,full_safe,3407
2174,2025-06-13,2025-06-27,2378.0,2384.0,2336.406944987015,12.692946058091286,0.03,2024-06-27,231,0.002523128679562614,-0.017490771662315052,1,0,0,10,5,chronological_712,tcn,full_safe,3407
2175,2025-06-16,2025-06-30,2359.0,2378.0,2336.5947213434665,12.692946058091286,0.03,2024-06-27,231,0.008054260279779513,-0.00949778662845846,1,0,0,10,5,chronological_712,tcn,full_safe,3407
2176,2025-06-17,2025-07-01,2399.0,2383.0,2329.621864001376,12.692946058091286,0.03,2024-06-27,231,-0.00666944560233429,-0.028919606502135986,0,0,0,10,5,chronological_712,tcn,full_safe,3407
2177,2025-06-18,2025-07-02,2397.0,2363.0,2326.4783148142524,12.692946058091286,0.03,2024-06-27,231,-0.014184397163120588,-0.02942081150844711,0,0,0,10,5,chronological_712,tcn,full_safe,3407
2178,2025-06-19,2025-07-03,2405.0,2363.0,2331.940040676909,12.692946058091286,0.03,2024-06-27,231,-0.017463617463617465,-0.030378361464902692,0,0,0,10,5,chronological_712,tcn,full_safe,3407
2179,2025-06-20,2025-07-04,2409.0,2353.0,2344.7817847806364,12.692946058091286,0.03,2024-06-27,231,-0.02324616023246162,-0.026657623586286316,0,0,0,10,5,chronological_712,tcn,full_safe,3407
2180,2025-06-23,2025-07-07,2408.0,2326.0,2351.4529562110256,12.692946058091286,0.03,2024-06-27,231,-0.03405315614617943,-0.023482991606716963,0,0,0,10,5,chronological_712,tcn,full_safe,3407
2181,2025-06-24,2025-07-08,2389.0,2321.0,2369.6803292192526,12.692946058091286,0.03,2024-06-27,231,-0.028463792381749675,-0.008086927911572839,0,0,0,10,5,chronological_712,tcn,full_safe,3407
2182,2025-06-25,2025-07-09,2377.0,2319.0,2370.0586982201057,12.692946058091286,0.03,2024-06-27,231,-0.024400504838031134,-0.0029201942700438632,0,0,0,10,5,chronological_712,tcn,full_safe,3407
2183,2025-06-26,2025-07-10,2378.0,2320.0,2366.606987088584,12.692946058091286,0.03,2024-06-27,231,-0.024390243902439046,-0.004791006270570275,0,0,0,10,5,chronological_712,tcn,full_safe,3407
2184,2025-06-27,2025-07-11,2384.0,2306.0,2365.201416371696,12.692946058091286,0.03,2024-06-27,231,-0.03271812080536918,-0.007885311924624272,0,0,0,10,5,chronological_712,tcn,full_safe,3407
2185,2025-06-30,2025-07-14,2378.0,2302.0,2362.5795094739187,12.692946058091286,0.03,2024-06-27,231,-0.031959629941127,-0.006484646983213271,0,0,0,10,5,chronological_712,tcn,full_safe,3407
2186,2025-07-01,2025-07-15,2383.0,2295.0,2360.1967011343186,12.692946058091286,0.03,2024-06-27,231,-0.03692824171212761,-0.009569156049383687,0,0,0,10,5,chronological_712,tcn,full_safe,3407
2187,2025-07-02,2025-07-16,2363.0,2293.0,2364.3966728119412,12.692946058091286,0.03,2024-06-27,231,-0.029623360135421106,0.0005910591671354215,0,1,0,10,5,chronological_712,tcn,full_safe,3407
2188,2025-07-03,2025-07-17,2363.0,2296.0,2366.982768535534,12.692946058091286,0.03,2024-06-27,231,-0.028353787558188737,0.0016854712380591774,0,1,0,10,5,chronological_712,tcn,full_safe,3407
2189,2025-07-04,2025-07-18,2353.0,2314.0,2357.2528224740745,12.692946058091286,0.03,2024-06-27,231,-0.016574585635359074,0.0018074043663725003,0,1,0,10,5,chronological_712,tcn,full_safe,3407
2190,2025-07-07,2025-07-21,2326.0,2320.0,2352.1738830385475,12.692946058091286,0.03,2024-06-27,231,-0.002579535683576939,0.011252744212617127,0,1,0,10,5,chronological_712,tcn,full_safe,3407
2191,2025-07-08,2025-07-22,2321.0,2322.0,2336.438453101946,12.692946058091286,0.03,2024-06-27,231,0.0004308487720809939,0.006651638561803397,1,1,0,10,5,chronological_712,tcn,full_safe,3407
2192,2025-07-09,2025-07-23,2319.0,2321.0,2331.065047173066,12.692946058091286,0.03,2024-06-27,231,0.0008624407072013174,0.005202693908178624,1,1,0,10,5,chronological_712,tcn,full_safe,3407
2193,2025-07-10,2025-07-24,2320.0,2318.0,2337.0434403595536,12.692946058091286,0.03,2024-06-27,231,-0.0008620689655172153,0.007346310499807496,0,1,0,10,5,chronological_712,tcn,full_safe,3407
2194,2025-07-11,2025-07-25,2306.0,2311.0,2333.8047235131307,12.692946058091286,0.03,2024-06-27,231,0.002168256721595929,0.012057555729891867,1,1,0,10,5,chronological_712,tcn,full_safe,3407
2195,2025-07-14,2025-07-28,2302.0,2319.0,2368.186510047977,12.692946058091286,0.03,2024-06-27,231,0.00738488271068638,0.028751741984351487,1,1,0,10,5,chronological_712,tcn,full_safe,3407
2196,2025-07-15,2025-07-29,2295.0,2302.0,2389.419119624472,12.692946058091286,0.03,2024-06-27,231,0.003050108932461937,0.04114122859454117,1,1,1,10,5,chronological_712,tcn,full_safe,3407
2197,2025-07-16,2025-07-30,2293.0,2312.0,2396.222871026672,12.692946058091286,0.03,2024-06-27,231,0.008286088094199728,0.045016515929643175,1,1,1,10,5,chronological_712,tcn,full_safe,3407
2198,2025-07-17,2025-07-31,2296.0,2288.0,2422.916220050247,12.692946058091286,0.03,2024-06-27,231,-0.0034843205574912606,0.05527709932502045,0,1,1,10,5,chronological_712,tcn,full_safe,3407
2199,2025-07-18,2025-08-01,2314.0,2297.0,2449.773085325447,12.692946058091286,0.03,2024-06-27,231,-0.0073465859982714266,0.05867462632906095,0,1,1,10,5,chronological_712,tcn,full_safe,3407
2200,2025-07-21,2025-08-04,2320.0,2284.0,2444.551716058224,12.692946058091286,0.03,2024-06-27,231,-0.01551724137931032,0.05368608450785506,0,1,1,10,5,chronological_712,tcn,full_safe,3407
2201,2025-07-22,2025-08-05,2322.0,2249.0,2444.6999929039885,12.692946058091286,0.03,2024-06-27,231,-0.03143841515934542,0.05284237420499083,0,1,1,10,5,chronological_712,tcn,full_safe,3407
2202,2025-07-23,2025-08-06,2321.0,2259.0,2446.219902052464,12.692946058091286,0.03,2024-06-27,231,-0.026712623869021956,0.05395084103940717,0,1,1,10,5,chronological_712,tcn,full_safe,3407
2203,2025-07-24,2025-08-07,2318.0,2267.0,2446.2889797345633,12.692946058091286,0.03,2024-06-27,231,-0.02200172562553926,0.05534468495882794,0,1,1,10,5,chronological_712,tcn,full_safe,3407
2204,2025-07-25,2025-08-08,2311.0,2255.0,2444.7339027264097,12.692946058091286,0.03,2024-06-27,231,-0.024231934227607055,0.05786841312263502,0,1,1,10,5,chronological_712,tcn,full_safe,3407
2205,2025-07-28,2025-08-11,2319.0,2262.0,2438.496096539224,12.692946058091286,0.03,2024-06-27,231,-0.02457956015523932,0.051529149003546326,0,1,1,10,5,chronological_712,tcn,full_safe,3407
2206,2025-07-29,2025-08-12,2302.0,2260.0,2433.8086783122344,12.692946058091286,0.03,2024-06-27,231,-0.018245004344048632,0.057258331152143516,0,1,1,10,5,chronological_712,tcn,full_safe,3407
2207,2025-07-30,2025-08-13,2312.0,2212.0,2430.803198714042,12.692946058091286,0.03,2024-06-27,231,-0.04325259515570934,0.05138546657181742,0,1,1,10,5,chronological_712,tcn,full_safe,3407
2208,2025-07-31,2025-08-14,2288.0,2202.0,2423.8870531196517,12.692946058091286,0.03,2024-06-27,231,-0.037587412587412605,0.059391194545302284,0,1,1,10,5,chronological_712,tcn,full_safe,3407
2209,2025-08-01,2025-08-15,2297.0,2190.0,2425.866374600897,12.692946058091286,0.03,2024-06-27,231,-0.046582498911623804,0.05610203508963729,0,1,1,10,5,chronological_712,tcn,full_safe,3407
2210,2025-08-04,2025-08-18,2284.0,2177.0,2419.1173764111227,12.692946058091286,0.03,2024-06-27,231,-0.04684763572679507,0.059158220845500376,0,1,1,10,5,chronological_712,tcn,full_safe,3407
2211,2025-08-05,2025-08-19,2249.0,2170.0,2411.400447215161,12.692946058091286,0.03,2024-06-27,231,-0.035126722987994685,0.07221006990447343,0,1,1,10,5,chronological_712,tcn,full_safe,3407
2212,2025-08-06,2025-08-20,2259.0,2170.0,2375.4114323095164,12.692946058091286,0.03,2024-06-27,231,-0.03939796370075255,0.05153228521890951,0,1,1,10,5,chronological_712,tcn,full_safe,3407
2213,2025-08-07,2025-08-21,2267.0,2166.0,2352.8063469735134,12.692946058091286,0.03,2024-06-27,231,-0.044552271724746406,0.037850175109622075,0,1,1,10,5,chronological_712,tcn,full_safe,3407
2214,2025-08-08,2025-08-22,2255.0,2175.0,2330.8481501132956,12.692946058091286,0.03,2024-06-27,231,-0.03547671840354771,0.03363554328749241,0,1,1,10,5,chronological_712,tcn,full_safe,3407
2215,2025-08-11,2025-08-25,2262.0,2154.0,2304.1483393529015,12.692946058091286,0.03,2024-06-27,231,-0.04774535809018565,0.018633218104731064,0,1,0,10,5,chronological_712,tcn,full_safe,3407
2216,2025-08-12,2025-08-26,2260.0,2158.0,2267.2650243602857,12.692946058091286,0.03,2024-06-27,231,-0.045132743362831906,0.0032146125487990673,0,1,0,10,5,chronological_712,tcn,full_safe,3407
2217,2025-08-13,2025-08-27,2212.0,2164.0,2255.701496145015,12.692946058091286,0.03,2024-06-27,231,-0.02169981916817365,0.019756553410947175,0,1,0,10,5,chronological_712,tcn,full_safe,3407
2218,2025-08-14,2025-08-28,2202.0,2185.0,2243.6565971284926,12.692946058091286,0.03,2024-06-27,231,-0.007720254314259711,0.018917619041095568,0,1,0,10,5,chronological_712,tcn,full_safe,3407
2219,2025-08-15,2025-08-29,2190.0,2191.0,2219.28349053481,12.692946058091286,0.03,2024-06-27,231,0.0004566210045662267,0.01337145686521013,1,1,0,10,5,chronological_712,tcn,full_safe,3407
2220,2025-08-18,2025-09-01,2177.0,2193.0,2206.3379404875514,12.692946058091286,0.03,2024-06-27,231,0.007349563619660104,0.01347631625519119,1,1,0,10,5,chronological_712,tcn,full_safe,3407
2221,2025-08-19,2025-09-02,2170.0,2200.0,2172.306460145205,12.692946058091286,0.03,2024-06-27,231,0.01382488479262678,0.0010628848595415352,1,1,0,10,5,chronological_712,tcn,full_safe,3407
2222,2025-08-20,2025-09-03,2170.0,2193.0,2163.9360145470587,12.692946058091286,0.03,2024-06-27,231,0.010599078341013923,-0.0027944633423693244,1,0,0,10,5,chronological_712,tcn,full_safe,3407
2223,2025-08-21,2025-09-04,2166.0,2210.0,2154.2848494948353,12.692946058091286,0.03,2024-06-27,231,0.02031394275161591,-0.005408656742920015,1,0,0,10,5,chronological_712,tcn,full_safe,3407
2224,2025-08-22,2025-09-05,2175.0,2224.0,2154.9634783935676,12.692946058091286,0.03,2024-06-27,231,0.022528735632183938,-0.009212193842037864,1,0,0,10,5,chronological_712,tcn,full_safe,3407
2225,2025-08-25,2025-09-08,2154.0,2231.0,2149.634536218982,12.692946058091286,0.03,2024-06-27,231,0.03574744661095641,-0.0020266777070651054,1,0,0,10,5,chronological_712,tcn,full_safe,3407
2226,2025-08-26,2025-09-09,2158.0,2214.0,2154.564019398816,12.692946058091286,0.03,2024-06-27,231,0.025949953660797,-0.0015922060246450487,1,0,0,10,5,chronological_712,tcn,full_safe,3407
2227,2025-08-27,2025-09-10,2164.0,2197.0,2155.5927078861546,12.692946058091286,0.03,2024-06-27,231,0.015249537892791043,-0.0038850702929045244,1,0,0,10,5,chronological_712,tcn,full_safe,3407
2228,2025-08-28,2025-09-11,2185.0,2202.0,2163.0703812692823,12.692946058091286,0.03,2024-06-27,231,0.0077803203661326314,-0.010036438778360468,1,0,0,10,5,chronological_712,tcn,full_safe,3407
2229,2025-08-29,2025-09-12,2191.0,2197.0,2199.452128959118,12.692946058091286,0.03,2024-06-27,231,0.00273847558192597,0.003857658128305852,1,1,0,10,5,chronological_712,tcn,full_safe,3407
2230,2025-09-01,2025-09-15,2193.0,2167.0,2250.261242690991,12.692946058091286,0.03,2024-06-27,231,-0.011855905152758806,0.02611091777974961,0,1,0,10,5,chronological_712,tcn,full_safe,3407
2231,2025-09-02,2025-09-16,2200.0,2166.0,2260.5913868909556,12.692946058091286,0.03,2024-06-27,231,-0.015454545454545499,0.02754153949588889,0,1,0,10,5,chronological_712,tcn,full_safe,3407
2232,2025-09-03,2025-09-17,2193.0,2161.0,2316.713343851894,12.692946058091286,0.03,2024-06-27,231,-0.01459188326493388,0.05641283349379567,0,1,1,10,5,chronological_712,tcn,full_safe,3407
2233,2025-09-04,2025-09-18,2210.0,2177.0,2313.0391888599697,12.692946058091286,0.03,2024-06-27,231,-0.014932126696832526,0.04662406735745228,0,1,1,10,5,chronological_712,tcn,full_safe,3407
2234,2025-09-05,2025-09-19,2224.0,2168.0,2300.8217457449173,12.692946058091286,0.03,2024-06-27,231,-0.025179856115107868,0.03454215186372189,0,1,1,10,5,chronological_712,tcn,full_safe,3407
2235,2025-09-08,2025-09-22,2231.0,2147.0,2313.892881505715,12.692946058091286,0.03,2024-06-27,231,-0.0376512774540565,0.03715503429211786,0,1,1,10,5,chronological_712,tcn,full_safe,3407
2236,2025-09-09,2025-09-23,2214.0,2158.0,2281.155771393873,12.692946058091286,0.03,2024-06-27,231,-0.025293586269195978,0.030332326736166593,0,1,1,10,5,chronological_712,tcn,full_safe,3407
2237,2025-09-10,2025-09-24,2197.0,2164.0,2263.538718005717,12.692946058091286,0.03,2024-06-27,231,-0.01502048247610377,0.03028617114506904,0,1,1,10,5,chronological_712,tcn,full_safe,3407
2238,2025-09-11,2025-09-25,2202.0,2165.0,2285.938836192072,12.692946058091286,0.03,2024-06-27,231,-0.016802906448682986,0.038119362485046215,0,1,1,10,5,chronological_712,tcn,full_safe,3407
2239,2025-09-12,2025-09-26,2197.0,2178.0,2233.2328006322878,12.692946058091286,0.03,2024-06-27,231,-0.008648156577150679,0.0164919438471951,0,1,0,10,5,chronological_712,tcn,full_safe,3407
2240,2025-09-15,2025-09-29,2167.0,2159.0,2253.571481814637,12.692946058091286,0.03,2024-06-27,231,-0.00369173973234882,0.03994992238792672,0,1,1,10,5,chronological_712,tcn,full_safe,3407
2241,2025-09-16,2025-09-30,2166.0,2143.0,2215.9163967046843,12.692946058091286,0.03,2024-06-27,231,-0.01061865189289013,0.023045427841497768,0,1,0,10,5,chronological_712,tcn,full_safe,3407
2242,2025-09-17,2025-10-09,2161.0,2138.0,2277.623059818068,12.692946058091286,0.03,2024-06-27,231,-0.010643220731142988,0.053967172521086626,0,1,1,10,5,chronological_712,tcn,full_safe,3407
2243,2025-09-18,2025-10-10,2177.0,2125.0,2211.1315163299896,12.692946058091286,0.03,2024-06-27,231,-0.023886081763895284,0.015678234418920356,0,1,0,10,5,chronological_712,tcn,full_safe,3407
2244,2025-09-19,2025-10-13,2168.0,2092.0,2270.357773145228,12.692946058091286,0.03,2024-06-27,231,-0.035055350553505504,0.04721299499318632,0,1,1,10,5,chronological_712,tcn,full_safe,3407
2245,2025-09-22,2025-10-14,2147.0,2111.0,2269.6827217899445,12.692946058091286,0.03,2024-06-27,231,-0.01676758267349787,0.05714146333951775,0,1,1,10,5,chronological_712,tcn,full_safe,3407
2246,2025-09-23,2025-10-15,2158.0,2127.0,2243.2578565016065,12.692946058091286,0.03,2024-06-27,231,-0.014365152919369795,0.039507811168492335,0,1,1,10,5,chronological_712,tcn,full_safe,3407
2247,2025-09-24,2025-10-16,2164.0,2136.0,2231.1040228953498,12.692946058091286,0.03,2024-06-27,231,-0.012939001848428888,0.031009252724283565,0,1,1,10,5,chronological_712,tcn,full_safe,3407
2248,2025-09-25,2025-10-17,2165.0,2117.0,2221.4801165083463,12.692946058091286,0.03,2024-06-27,231,-0.022170900692840667,0.026087813629721124,0,1,0,10,5,chronological_712,tcn,full_safe,3407
2249,2025-09-26,2025-10-20,2178.0,2138.0,2248.195638438572,12.692946058091286,0.03,2024-06-27,231,-0.018365472910927494,0.03222940240522143,0,1,1,10,5,chronological_712,tcn,full_safe,3407
2250,2025-09-29,2025-10-21,2159.0,2144.0,2245.8313647046925,12.692946058091286,0.03,2024-06-27,231,-0.0069476609541454515,0.04021832547693038,0,1,1,10,5,chronological_712,tcn,full_safe,3407
2251,2025-09-30,2025-10-22,2143.0,2133.0,2255.018574908938,12.692946058091286,0.03,2024-06-27,231,-0.004666355576294912,0.05227185016749325,0,1,1,10,5,chronological_712,tcn,full_safe,3407
2252,2025-10-09,2025-10-23,2138.0,2140.0,2251.924382240326,12.692946058091286,0.03,2024-06-27,231,0.00093545369504211,0.053285492161050385,1,1,1,10,5,chronological_712,tcn,full_safe,3407
2253,2025-10-10,2025-10-24,2125.0,2133.0,2277.070717130893,12.692946058091286,0.03,2024-06-27,231,0.0037647058823528923,0.07156269041453789,1,1,1,10,5,chronological_712,tcn,full_safe,3407
2254,2025-10-13,2025-10-27,2092.0,2112.0,2218.53645943421,12.692946058091286,0.03,2024-06-27,231,0.009560229445506607,0.06048587927065485,1,1,1,10,5,chronological_712,tcn,full_safe,3407
2255,2025-10-14,2025-10-28,2111.0,2123.0,2161.084455092439,12.692946058091286,0.03,2024-06-27,231,0.0056845097110374,0.023725464278748998,1,1,0,10,5,chronological_712,tcn,full_safe,3407
2256,2025-10-15,2025-10-29,2127.0,2116.0,2239.8986825878474,12.692946058091286,0.03,2024-06-27,231,-0.005171603196991059,0.053078835255217394,0,1,1,10,5,chronological_712,tcn,full_safe,3407
2257,2025-10-16,2025-10-30,2136.0,2111.0,2202.2312118866635,12.692946058091286,0.03,2024-06-27,231,-0.011704119850187267,0.031007121669786253,0,1,1,10,5,chronological_712,tcn,full_safe,3407
2258,2025-10-17,2025-10-31,2117.0,2130.0,2245.6252324409943,12.692946058091286,0.03,2024-06-27,231,0.006140765233821455,0.06075825812045088,1,1,1,10,5,chronological_712,tcn,full_safe,3407
2259,2025-10-20,2025-11-03,2138.0,2141.0,2220.573114533845,12.692946058091286,0.03,2024-06-27,231,0.001403180542563165,0.03862166255090971,1,1,1,10,5,chronological_712,tcn,full_safe,3407
2260,2025-10-21,2025-11-04,2144.0,2135.0,2270.2850500142595,12.692946058091286,0.03,2024-06-27,231,-0.004197761194029814,0.058901609148442,0,1,1,10,5,chronological_712,tcn,full_safe,3407
2261,2025-10-22,2025-11-05,2133.0,2134.0,2266.233440957669,12.692946058091286,0.03,2024-06-27,231,0.00046882325363339916,0.06246293528254521,1,1,1,10,5,chronological_712,tcn,full_safe,3407
2262,2025-10-23,2025-11-06,2140.0,2154.0,2245.087893277694,12.692946058091286,0.03,2024-06-27,231,0.006542056074766434,0.0491064921858384,1,1,1,10,5,chronological_712,tcn,full_safe,3407
2263,2025-10-24,2025-11-07,2133.0,2149.0,2253.824018498057,12.692946058091286,0.03,2024-06-27,231,0.0075011720581341645,0.05664510946931878,1,1,1,10,5,chronological_712,tcn,full_safe,3407
2264,2025-10-27,2025-11-10,2112.0,2164.0,2238.564712775511,12.692946058091286,0.03,2024-06-27,231,0.024621212121212155,0.059926473852041084,1,1,1,10,5,chronological_712,tcn,full_safe,3407
2265,2025-10-28,2025-11-11,2123.0,2177.0,2199.027888059996,12.692946058091286,0.03,2024-06-27,231,0.025435704192180886,0.03581153464907949,1,1,1,10,5,chronological_712,tcn,full_safe,3407
2266,2025-10-29,2025-11-12,2116.0,2177.0,2211.0554265197716,12.692946058091286,0.03,2024-06-27,231,0.02882797731569009,0.04492222425320014,1,1,1,10,5,chronological_712,tcn,full_safe,3407
2267,2025-10-30,2025-11-13,2111.0,2186.0,2210.0548580242976,12.692946058091286,0.03,2024-06-27,231,0.03552818569398397,0.04692319186371274,1,1,1,10,5,chronological_712,tcn,full_safe,3407
2268,2025-10-31,2025-11-14,2130.0,2185.0,2214.768938063604,12.692946058091286,0.03,2024-06-27,231,0.025821596244131495,0.03979762350403937,1,1,1,10,5,chronological_712,tcn,full_safe,3407
2269,2025-11-03,2025-11-17,2141.0,2182.0,2231.980059998281,12.692946058091286,0.03,2024-06-27,231,0.019149929939280774,0.04249418963021068,1,1,1,10,5,chronological_712,tcn,full_safe,3407
2270,2025-11-04,2025-11-18,2135.0,2168.0,2220.053187749849,12.692946058091286,0.03,2024-06-27,231,0.015456674473067977,0.03983755866503458,1,1,1,10,5,chronological_712,tcn,full_safe,3407
2271,2025-11-05,2025-11-19,2134.0,2175.0,2246.7755216659025,12.692946058091286,0.03,2024-06-27,231,0.01921274601686962,0.05284701108992618,1,1,1,10,5,chronological_712,tcn,full_safe,3407
2272,2025-11-06,2025-11-20,2154.0,2168.0,2240.544098588207,12.692946058091286,0.03,2024-06-27,231,0.006499535747446661,0.04017831875032818,1,1,1,10,5,chronological_712,tcn,full_safe,3407
2273,2025-11-07,2025-11-21,2149.0,2195.0,2205.0468994096177,12.692946058091286,0.03,2024-06-27,231,0.021405304792927016,0.02608045575133433,1,1,0,10,5,chronological_712,tcn,full_safe,3407
2274,2025-11-10,2025-11-24,2164.0,2220.0,2192.4603939102367,12.692946058091286,0.03,2024-06-27,231,0.025878003696857776,0.01315175319327011,1,1,0,10,5,chronological_712,tcn,full_safe,3407
2275,2025-11-11,2025-11-25,2177.0,2242.0,2161.6592673257314,12.692946058091286,0.03,2024-06-27,231,0.029857602204869105,-0.0070467306726084145,1,0,0,10,5,chronological_712,tcn,full_safe,3407
2276,2025-11-12,2025-11-26,2177.0,2235.0,2134.38491774071,12.692946058091286,0.03,2024-06-27,231,0.02664216812126785,-0.019575141138856167,1,0,0,10,5,chronological_712,tcn,full_safe,3407
2277,2025-11-13,2025-11-27,2186.0,2243.0,2138.5974983826563,12.692946058091286,0.03,2024-06-27,231,0.026075022872827036,-0.02168458445441157,1,0,0,10,5,chronological_712,tcn,full_safe,3407
2278,2025-11-14,2025-11-28,2185.0,2244.0,2144.13600740561,12.692946058091286,0.03,2024-06-27,231,0.02700228832951934,-0.01870205610727227,1,0,0,10,5,chronological_712,tcn,full_safe,3407
2279,2025-11-17,2025-12-01,2182.0,2236.0,2149.1732046646016,12.692946058091286,0.03,2024-06-27,231,0.024747937671860676,-0.015044360831988235,1,0,0,10,5,chronological_712,tcn,full_safe,3407
2280,2025-11-18,2025-12-02,2168.0,2243.0,2150.0921079574696,12.692946058091286,0.03,2024-06-27,231,0.03459409594095941,-0.008260097805595223,1,0,0,10,5,chronological_712,tcn,full_safe,3407
2281,2025-11-19,2025-12-03,2175.0,2259.0,2151.8027491351563,12.692946058091286,0.03,2024-06-27,231,0.0386206896551724,-0.010665402696479864,1,0,0,10,5,chronological_712,tcn,full_safe,3407
2282,2025-11-20,2025-12-04,2168.0,2287.0,2147.519214477134,12.692946058091286,0.03,2024-06-27,231,0.05488929889298899,-0.009446856790989888,1,0,0,10,5,chronological_712,tcn,full_safe,3407
2283,2025-11-21,2025-12-05,2195.0,2295.0,2157.724441295852,12.692946058091286,0.03,2024-06-27,231,0.04555808656036442,-0.016982031300295186,1,0,0,10,5,chronological_712,tcn,full_safe,3407
2284,2025-11-24,2025-12-08,2220.0,2261.0,2157.45056801464,12.692946058091286,0.03,2024-06-27,231,0.01846846846846839,-0.028175419813225244,1,0,0,10,5,chronological_712,tcn,full_safe,3407
2285,2025-11-25,2025-12-09,2242.0,2236.0,2186.279656867699,12.692946058091286,0.03,2024-06-27,231,-0.00267618198037467,-0.024852963038492826,0,0,0,10,5,chronological_712,tcn,full_safe,3407
2286,2025-11-26,2025-12-10,2235.0,2236.0,2205.193550099269,12.692946058091286,0.03,2024-06-27,231,0.0004474272930647949,-0.013336219194957977,1,0,0,10,5,chronological_712,tcn,full_safe,3407
2287,2025-11-27,2025-12-11,2243.0,2236.0,2223.0052722440178,12.692946058091286,0.03,2024-06-27,231,-0.0031208203299153414,-0.008914278981713042,0,0,0,10,5,chronological_712,tcn,full_safe,3407
2288,2025-11-28,2025-12-12,2244.0,2233.0,2238.15076133452,12.692946058091286,0.03,2024-06-27,231,-0.004901960784313708,-0.0026066125960249042,0,0,0,10,5,chronological_712,tcn,full_safe,3407
2289,2025-12-01,2025-12-15,2236.0,2208.0,2246.4253012486697,12.692946058091286,0.03,2024-06-27,231,-0.012522361359570633,0.004662478197079434,0,1,0,10,5,chronological_712,tcn,full_safe,3407
2290,2025-12-02,2025-12-16,2243.0,2202.0,2253.8554193939035,12.692946058091286,0.03,2024-06-27,231,-0.01827909050378962,0.004839687647750113,0,1,0,10,5,chronological_712,tcn,full_safe,3407
2291,2025-12-03,2025-12-17,2259.0,2206.0,2244.4102329246907,12.692946058091286,0.03,2024-06-27,231,-0.02346170872067288,-0.006458506894780558,0,0,0,10,5,chronological_712,tcn,full_safe,3407
2292,2025-12-04,2025-12-18,2287.0,2190.0,2251.603468372825,12.692946058091286,0.03,2024-06-27,231,-0.04241364232619149,-0.015477276618791058,0,0,0,10,5,chronological_712,tcn,full_safe,3407
2293,2025-12-05,2025-12-19,2295.0,2192.0,2265.5574746661987,12.692946058091286,0.03,2024-06-27,231,-0.04488017429193902,-0.012828987073551734,0,0,0,10,5,chronological_712,tcn,full_safe,3407
2294,2025-12-08,2025-12-22,2261.0,2192.0,2276.399139673944,12.692946058091286,0.03,2024-06-27,231,-0.030517470145953074,0.006810765003955721,0,1,0,10,5,chronological_712,tcn,full_safe,3407
2295,2025-12-09,2025-12-23,2236.0,2189.0,2276.8721545345525,12.692946058091286,0.03,2024-06-27,231,-0.021019677996422237,0.018279138879495838,0,1,0,10,5,chronological_712,tcn,full_safe,3407
2296,2025-12-10,2025-12-24,2236.0,2196.0,2287.230011293861,12.692946058091286,0.03,2024-06-27,231,-0.017889087656529523,0.022911454067021886,0,1,0,10,5,chronological_712,tcn,full_safe,3407
2297,2025-12-11,2025-12-25,2236.0,2189.0,2184.8197948739407,12.692946058091286,0.03,2024-06-27,231,-0.021019677996422237,-0.022889179394480874,0,0,0,10,5,chronological_712,tcn,full_safe,3407
2298,2025-12-12,2025-12-26,2233.0,2222.0,2234.686634233027,12.692946058091286,0.03,2024-06-27,231,-0.0049261083743842304,0.0007553220927123405,0,1,0,10,5,chronological_712,tcn,full_safe,3407
2299,2025-12-15,2025-12-29,2208.0,2249.0,2080.605497631277,12.692946058091286,0.03,2024-06-27,231,0.0185688405797102,-0.05769678549308099,1,0,0,10,5,chronological_712,tcn,full_safe,3407
2300,2025-12-16,2025-12-30,2202.0,2230.0,2182.6246869439406,12.692946058091286,0.03,2024-06-27,231,0.012715712988192518,-0.008798961424186902,1,0,0,10,5,chronological_712,tcn,full_safe,3407
2301,2025-12-17,2025-12-31,2206.0,2226.0,2177.252810673998,12.692946058091286,0.03,2024-06-27,231,0.009066183136899442,-0.013031364155032699,1,0,0,10,5,chronological_712,tcn,full_safe,3407
2302,2025-12-18,2026-01-05,2190.0,2224.0,2206.022712805492,12.692946058091286,0.03,2024-06-27,231,0.01552511415525104,0.007316307217119622,1,1,0,10,5,chronological_712,tcn,full_safe,3407
2303,2025-12-19,2026-01-06,2192.0,2222.0,2145.4877880948475,12.692946058091286,0.03,2024-06-27,231,0.013686131386861256,-0.021219074774248448,1,0,0,10,5,chronological_712,tcn,full_safe,3407
2304,2025-12-22,2026-01-07,2192.0,2248.0,2196.7970413286935,12.692946058091286,0.03,2024-06-27,231,0.025547445255474477,0.002188431263089985,1,1,0,10,5,chronological_712,tcn,full_safe,3407
2305,2025-12-23,2026-01-08,2189.0,2266.0,2122.718001736337,12.692946058091286,0.03,2024-06-27,231,0.035175879396984966,-0.030279578923555484,1,0,0,10,5,chronological_712,tcn,full_safe,3407
2306,2025-12-24,2026-01-09,2196.0,2263.0,2131.870587324265,12.692946058091286,0.03,2024-06-27,231,0.030510018214936263,-0.029202829087310866,1,0,0,10,5,chronological_712,tcn,full_safe,3407
2307,2025-12-25,2026-01-12,2189.0,2290.0,2141.1158030531624,12.692946058091286,0.03,2024-06-27,231,0.04613978985838285,-0.02187491866004454,1,0,0,10,5,chronological_712,tcn,full_safe,3407
2308,2025-12-26,2026-01-13,2222.0,2284.0,2163.8759379070934,12.692946058091286,0.03,2024-06-27,231,0.027902790279027867,-0.02615844378618659,1,0,0,10,5,chronological_712,tcn,full_safe,3407
2309,2025-12-29,2026-01-14,2249.0,2272.0,2162.6058670950806,12.692946058091286,0.03,2024-06-27,231,0.010226767452200969,-0.038414465497963235,1,0,0,10,5,chronological_712,tcn,full_safe,3407
2310,2025-12-30,2026-01-15,2230.0,2295.0,2185.970118945051,12.692946058091286,0.03,2024-06-27,231,0.029147982062780242,-0.019744341280246158,1,0,0,10,5,chronological_712,tcn,full_safe,3407
2311,2025-12-31,2026-01-16,2226.0,2281.0,2184.269649284503,12.692946058091286,0.03,2024-06-27,231,0.024707996406109656,-0.018746788281894466,1,0,0,10,5,chronological_712,tcn,full_safe,3407
2312,2026-01-05,2026-01-19,2224.0,2281.0,2218.469061517766,12.692946058091286,0.03,2024-06-27,231,0.025629496402877594,-0.002486932770788708,1,0,0,10,5,chronological_712,tcn,full_safe,3407
2313,2026-01-06,2026-01-20,2222.0,2280.0,2227.29951808857,12.692946058091286,0.03,2024-06-27,231,0.026102610261026005,0.0023850216420207015,1,1,0,10,5,chronological_712,tcn,full_safe,3407
2314,2026-01-07,2026-01-21,2248.0,2283.0,2222.0876269884066,12.692946058091286,0.03,2024-06-27,231,0.01556939501779353,-0.011526856321883217,1,0,0,10,5,chronological_712,tcn,full_safe,3407
2315,2026-01-08,2026-01-22,2266.0,2295.0,2236.042755508197,12.692946058091286,0.03,2024-06-27,231,0.01279788172992058,-0.013220319722772711,1,0,0,10,5,chronological_712,tcn,full_safe,3407
2316,2026-01-09,2026-01-23,2263.0,2300.0,2221.669143754116,12.692946058091286,0.03,2024-06-27,231,0.016349977905435242,-0.018263745579268353,1,0,0,10,5,chronological_712,tcn,full_safe,3407
2317,2026-01-12,2026-01-26,2290.0,2293.0,2215.2198443490124,12.692946058091286,0.03,2024-06-27,231,0.0013100436681223737,-0.03265508980392473,1,0,0,10,5,chronological_712,tcn,full_safe,3407
2318,2026-01-13,2026-01-27,2284.0,2283.0,2258.8272612600085,12.692946058091286,0.03,2024-06-27,231,-0.0004378283712784814,-0.011021339203148628,0,0,0,10,5,chronological_712,tcn,full_safe,3407
2319,2026-01-14,2026-01-28,2272.0,2274.0,2262.472638649684,12.692946058091286,0.03,2024-06-27,231,0.0008802816901407606,-0.0041933808760192814,1,0,0,10,5,chronological_712,tcn,full_safe,3407
2320,2026-01-15,2026-01-29,2295.0,2281.0,2252.9272523721447,12.692946058091286,0.03,2024-06-27,231,-0.006100217864923763,-0.018332351907562217,0,0,0,10,5,chronological_712,tcn,full_safe,3407
2321,2026-01-16,2026-01-30,2281.0,2271.0,2254.3292634154313,12.692946058091286,0.03,2024-06-27,231,-0.004384042086803985,-0.011692563167281289,0,0,0,10,5,chronological_712,tcn,full_safe,3407
2322,2026-01-19,2026-02-02,2281.0,2261.0,2244.589724819889,12.692946058091286,0.03,2024-06-27,231,-0.008768084173608082,-0.01596241787817232,0,0,0,10,5,chronological_712,tcn,full_safe,3407
2323,2026-01-20,2026-02-03,2280.0,2267.0,2232.3655340504592,12.692946058091286,0.03,2024-06-27,231,-0.0057017543859648745,-0.020892309626991512,0,0,0,10,5,chronological_712,tcn,full_safe,3407
2324,2026-01-21,2026-02-04,2283.0,2271.0,2240.51098218701,12.692946058091286,0.03,2024-06-27,231,-0.005256241787122251,-0.018611045910201462,0,0,0,10,5,chronological_712,tcn,full_safe,3407
2325,2026-01-22,2026-02-05,2295.0,2273.0,2241.2984777700567,12.692946058091286,0.03,2024-06-27,231,-0.009586056644880214,-0.023399356091478585,0,0,0,10,5,chronological_712,tcn,full_safe,3407
2326,2026-01-23,2026-02-06,2300.0,2279.0,2247.375169413108,12.692946058091286,0.03,2024-06-27,231,-0.009130434782608665,-0.022880361124735682,0,0,0,10,5,chronological_712,tcn,full_safe,3407
2327,2026-01-26,2026-02-09,2293.0,2274.0,2247.2610239758724,12.692946058091286,0.03,2024-06-27,231,-0.008286088094199728,-0.01994722024602169,0,0,0,10,5,chronological_712,tcn,full_safe,3407
2328,2026-01-27,2026-02-10,2283.0,2286.0,2252.04622600782,12.692946058091286,0.03,2024-06-27,231,0.0013140604467805073,-0.013558376693902696,1,0,0,10,5,chronological_712,tcn,full_safe,3407
2329,2026-01-28,2026-02-11,2274.0,2316.0,2245.2290007406827,12.692946058091286,0.03,2024-06-27,231,0.01846965699208436,-0.01265215446759771,1,0,0,10,5,chronological_712,tcn,full_safe,3407
2330,2026-01-29,2026-02-12,2281.0,2320.0,2248.503157068464,12.692946058091286,0.03,2024-06-27,231,0.017097764138535698,-0.014246752710011301,1,0,0,10,5,chronological_712,tcn,full_safe,3407
2331,2026-01-30,2026-02-13,2271.0,2320.0,2243.1292078962233,12.692946058091286,0.03,2024-06-27,231,0.021576398062527424,-0.01227247560712319,1,0,0,10,5,chronological_712,tcn,full_safe,3407
2332,2026-02-02,2026-02-24,2261.0,2332.0,2243.2958192054175,12.692946058091286,0.03,2024-06-27,231,0.03140203449800971,-0.007830243606626541,1,0,0,10,5,chronological_712,tcn,full_safe,3407
2333,2026-02-03,2026-02-25,2267.0,2342.0,2232.185849160909,12.692946058091286,0.03,2024-06-27,231,0.0330833700926334,-0.015356925822272105,1,0,0,10,5,chronological_712,tcn,full_safe,3407
2334,2026-02-04,2026-02-26,2271.0,2342.0,2237.4998485691012,12.692946058091286,0.03,2024-06-27,231,0.03126376045794799,-0.014751277600571933,1,0,0,10,5,chronological_712,tcn,full_safe,3407
2335,2026-02-05,2026-02-27,2273.0,2360.0,2229.657258606241,12.692946058091286,0.03,2024-06-27,231,0.038275406951165936,-0.01906851799109499,1,0,0,10,5,chronological_712,tcn,full_safe,3407
2336,2026-02-06,2026-03-02,2279.0,2384.0,2232.6270128055166,12.692946058091286,0.03,2024-06-27,231,0.04607283896445802,-0.020347954012498226,1,0,0,10,5,chronological_712,tcn,full_safe,3407
2337,2026-02-09,2026-03-03,2274.0,2373.0,2228.146670370168,12.692946058091286,0.03,2024-06-27,231,0.04353562005277034,-0.02016417310018992,1,0,0,10,5,chronological_712,tcn,full_safe,3407
2338,2026-02-10,2026-03-04,2286.0,2379.0,2235.648496639038,12.692946058091286,0.03,2024-06-27,231,0.040682414698162805,-0.022026029466737485,1,0,0,10,5,chronological_712,tcn,full_safe,3407
2339,2026-02-11,2026-03-05,2316.0,2384.0,2237.3677903968346,12.692946058091286,0.03,2024-06-27,231,0.029360967184801412,-0.03395173126216122,1,0,0,10,5,chronological_712,tcn,full_safe,3407
2340,2026-02-12,2026-03-06,2320.0,2393.0,2246.100527494131,12.692946058091286,0.03,2024-06-27,231,0.03146551724137936,-0.03185322090770226,1,0,0,10,5,chronological_712,tcn,full_safe,3407
2341,2026-02-13,2026-03-09,2320.0,2395.0,2254.042345145619,12.692946058091286,0.03,2024-06-27,231,0.032327586206896575,-0.02843002364412972,1,0,0,10,5,chronological_712,tcn,full_safe,3407
2342,2026-02-24,2026-03-10,2332.0,2381.0,2287.3126557641044,12.692946058091286,0.03,2024-06-27,231,0.021012006861063526,-0.01916266905484376,1,0,0,10,5,chronological_712,tcn,full_safe,3407
2343,2026-02-25,2026-03-11,2342.0,2395.0,2325.839160408421,12.692946058091286,0.03,2024-06-27,231,0.022630230572160626,-0.006900443890512031,1,0,0,10,5,chronological_712,tcn,full_safe,3407
2344,2026-02-26,2026-03-12,2342.0,2396.0,2340.6758942755914,12.692946058091286,0.03,2024-06-27,231,0.02305721605465405,-0.000565373921609158,1,0,0,10,5,chronological_712,tcn,full_safe,3407
2345,2026-02-27,2026-03-13,2360.0,2386.0,2339.9791560735066,12.692946058091286,0.03,2024-06-27,231,0.011016949152542477,-0.00848340844342943,1,0,0,10,5,chronological_712,tcn,full_safe,3407
2346,2026-03-02,2026-03-16,2384.0,2379.0,2346.12998613944,12.692946058091286,0.03,2024-06-27,231,-0.002097315436241587,-0.015885072928087274,0,0,0,10,5,chronological_712,tcn,full_safe,3407
2347,2026-03-03,2026-03-17,2373.0,2386.0,2353.1945086507403,12.692946058091286,0.03,2024-06-27,231,0.0054782975136957734,-0.008346182616628561,1,0,0,10,5,chronological_712,tcn,full_safe,3407
2348,2026-03-04,2026-03-18,2379.0,2382.0,2375.4283443330933,12.692946058091286,0.03,2024-06-27,231,0.0012610340479193294,-0.0015013264678044314,1,0,0,10,5,chronological_712,tcn,full_safe,3407
2349,2026-03-05,2026-03-19,2384.0,2384.0,2374.548704668927,12.692946058091286,0.03,2024-06-27,231,0.0,-0.003964469518067615,0,0,0,10,5,chronological_712,tcn,full_safe,3407
2350,2026-03-06,2026-03-20,2393.0,2387.0,2339.9821439119914,12.692946058091286,0.03,2024-06-27,231,-0.002507312996239075,-0.02215539326703242,0,0,0,10,5,chronological_712,tcn,full_safe,3407
2351,2026-03-09,2026-03-23,2395.0,2415.0,2317.8832184295497,12.692946058091286,0.03,2024-06-27,231,0.008350730688935215,-0.032199073724613836,1,0,0,10,5,chronological_712,tcn,full_safe,3407
2352,2026-03-10,2026-03-24,2381.0,2383.0,2319.526315158044,12.692946058091286,0.03,2024-06-27,231,0.0008399832003360697,-0.025818431264996278,1,0,0,10,5,chronological_712,tcn,full_safe,3407
2353,2026-03-11,2026-03-25,2395.0,2376.0,2320.317877918358,12.692946058091286,0.03,2024-06-27,231,-0.007933194154488565,-0.03118251443909892,0,0,0,10,5,chronological_712,tcn,full_safe,3407
2354,2026-03-12,2026-03-26,2396.0,2376.0,2329.2068260736633,12.692946058091286,0.03,2024-06-27,231,-0.008347245409014992,-0.027876950720507776,0,0,0,10,5,chronological_712,tcn,full_safe,3407
2355,2026-03-13,2026-03-27,2386.0,2369.0,2326.328265279626,12.692946058091286,0.03,2024-06-27,231,-0.007124895222129113,-0.02500910927090272,0,0,0,10,5,chronological_712,tcn,full_safe,3407
2356,2026-03-16,2026-03-30,2379.0,2346.0,2307.6322019138606,12.692946058091286,0.03,2024-06-27,231,-0.013871374527112179,-0.029999074437217055,0,0,0,10,5,chronological_712,tcn,full_safe,3407
2357,2026-03-17,2026-03-31,2386.0,2351.0,2296.5800158078964,12.692946058091286,0.03,2024-06-27,231,-0.014668901927912814,-0.03747694224312803,0,0,0,10,5,chronological_712,tcn,full_safe,3407
2358,2026-03-18,2026-04-01,2382.0,2350.0,2278.1785047107514,12.692946058091286,0.03,2024-06-27,231,-0.013434089000839644,-0.0435858502473756,0,0,0,10,5,chronological_712,tcn,full_safe,3407
2359,2026-03-19,2026-04-02,2384.0,2356.0,2282.720326569086,12.692946058091286,0.03,2024-06-27,231,-0.011744966442952975,-0.04248308449283311,0,0,0,10,5,chronological_712,tcn,full_safe,3407
2360,2026-03-20,2026-04-03,2387.0,2344.0,2291.509882633167,12.692946058091286,0.03,2024-06-27,231,-0.018014243820695386,-0.040004238528208225,0,0,0,10,5,chronological_712,tcn,full_safe,3407
2361,2026-03-23,2026-04-07,2415.0,2343.0,2311.313633507645,12.692946058091286,0.03,2024-06-27,231,-0.029813664596273326,-0.04293431324735186,0,0,0,10,5,chronological_712,tcn,full_safe,3407
2362,2026-03-24,2026-04-08,2383.0,2345.0,2318.9202128219586,12.692946058091286,0.03,2024-06-27,231,-0.015946286193873282,-0.026890384883777374,0,0,0,10,5,chronological_712,tcn,full_safe,3407
2363,2026-03-25,2026-04-09,2376.0,2354.0,2328.688143031046,12.692946058091286,0.03,2024-06-27,231,-0.0092592592592593,-0.019912397714206276,0,0,0,10,5,chronological_712,tcn,full_safe,3407
2364,2026-03-26,2026-04-10,2376.0,2379.0,2325.753256478012,12.692946058091286,0.03,2024-06-27,231,0.0012626262626262985,-0.021147619327435918,1,0,0,10,5,chronological_712,tcn,full_safe,3407
2365,2026-03-27,2026-04-13,2369.0,2373.0,2325.1937444080613,12.692946058091286,0.03,2024-06-27,231,0.0016884761502744539,-0.018491454449953038,1,0,0,10,5,chronological_712,tcn,full_safe,3407
2366,2026-03-30,2026-04-14,2346.0,2397.0,2309.113669446615,12.692946058091286,0.03,2024-06-27,231,0.021739130434782705,-0.01572307355216751,1,0,0,10,5,chronological_712,tcn,full_safe,3407
2367,2026-03-31,2026-04-15,2351.0,2390.0,2305.6514937324573,12.692946058091286,0.03,2024-06-27,231,0.016588685665674285,-0.019289028612310855,1,0,0,10,5,chronological_712,tcn,full_safe,3407
2368,2026-04-01,2026-04-16,2350.0,2394.0,2293.7170661125456,12.692946058091286,0.03,2024-06-27,231,0.018723404255319043,-0.02395018463295928,1,0,0,10,5,chronological_712,tcn,full_safe,3407
2369,2026-04-02,2026-04-17,2356.0,2402.0,2295.8178024849476,12.692946058091286,0.03,2024-06-27,231,0.019524617996604432,-0.02554422644951293,1,0,0,10,5,chronological_712,tcn,full_safe,3407
2370,2026-04-03,2026-04-20,2344.0,2414.0,2293.387360280125,12.692946058091286,0.03,2024-06-27,231,0.029863481228668887,-0.02159242308868392,1,0,0,10,5,chronological_712,tcn,full_safe,3407
2371,2026-04-07,2026-04-21,2343.0,2432.0,2304.627665843611,12.692946058091286,0.03,2024-06-27,231,0.037985488689713964,-0.01637743668646574,1,0,0,10,5,chronological_712,tcn,full_safe,3407
2372,2026-04-08,2026-04-22,2345.0,2434.0,2281.5250267725532,12.692946058091286,0.03,2024-06-27,231,0.03795309168443506,-0.027068218860318405,1,0,0,10,5,chronological_712,tcn,full_safe,3407
2373,2026-04-09,2026-04-23,2354.0,2426.0,2339.678356506236,12.692946058091286,0.03,2024-06-27,231,0.030586236193712812,-0.006083960702533586,1,0,0,10,5,chronological_712,tcn,full_safe,3407
2374,2026-04-10,2026-04-24,2379.0,2417.0,2255.48003155225,12.692946058091286,0.03,2024-06-27,231,0.015973097940310987,-0.05192096193684326,1,0,0,10,5,chronological_712,tcn,full_safe,3407
2375,2026-04-13,2026-04-27,2373.0,2427.0,2338.2249660777125,12.692946058091286,0.03,2024-06-27,231,0.022756005056890016,-0.014654460144242543,1,0,0,10,5,chronological_712,tcn,full_safe,3407
2376,2026-04-14,2026-04-28,2397.0,2429.0,2251.60501232764,12.692946058091286,0.03,2024-06-27,231,0.013350020859407508,-0.06065706619622857,1,0,0,10,5,chronological_712,tcn,full_safe,3407
2377,2026-04-15,2026-04-29,2390.0,2431.0,2354.8327018931086,12.692946058091286,0.03,2024-06-27,231,0.017154811715481166,-0.014714350672339505,1,0,0,10,5,chronological_712,tcn,full_safe,3407
2378,2026-04-16,2026-04-30,2394.0,2427.0,2384.426713137982,12.692946058091286,0.03,2024-06-27,231,0.013784461152882121,-0.003998866692572212,1,0,0,10,5,chronological_712,tcn,full_safe,3407
2379,2026-04-17,2026-05-06,2402.0,2391.0,2388.0020550217378,12.692946058091286,0.03,2024-06-27,231,-0.004579517069109085,-0.005827620723672822,0,0,0,10,5,chronological_712,tcn,full_safe,3407
2380,2026-04-20,2026-05-07,2414.0,2377.0,2411.1617775333216,12.692946058091286,0.03,2024-06-27,231,-0.015327257663628857,-0.001175734244688642,0,0,0,10,5,chronological_712,tcn,full_safe,3407
2381,2026-04-21,2026-05-08,2432.0,2365.0,2427.317606351855,12.692946058091286,0.03,2024-06-27,231,-0.027549342105263164,-0.001925326335585953,0,0,0,10,5,chronological_712,tcn,full_safe,3407
2382,2026-04-22,2026-05-11,2434.0,2353.0,2371.871215397805,12.692946058091286,0.03,2024-06-27,231,-0.03327855382087097,-0.0255253839778945,0,0,0,10,5,chronological_712,tcn,full_safe,3407
2383,2026-04-23,2026-05-12,2426.0,2359.0,2395.412108902314,12.692946058091286,0.03,2024-06-27,231,-0.02761747732893649,-0.012608364013885542,0,0,0,10,5,chronological_712,tcn,full_safe,3407
2384,2026-04-24,2026-05-13,2417.0,2378.0,2401.336220640347,12.692946058091286,0.03,2024-06-27,231,-0.016135705419942026,-0.006480669987444232,0,0,0,10,5,chronological_712,tcn,full_safe,3407
2385,2026-04-27,2026-05-14,2427.0,2367.0,2371.1512463941035,12.692946058091286,0.03,2024-06-27,231,-0.024721878862793534,-0.02301143535471628,0,0,0,10,5,chronological_712,tcn,full_safe,3407
2386,2026-04-28,2026-05-15,2429.0,2355.0,2413.7485451631765,12.692946058091286,0.03,2024-06-27,231,-0.03046521202140795,-0.006278902773496742,0,0,0,10,5,chronological_712,tcn,full_safe,3407
2387,2026-04-29,2026-05-18,2431.0,2353.0,2407.146751628323,12.692946058091286,0.03,2024-06-27,231,-0.03208556149732622,-0.00981211368641599,0,0,0,10,5,chronological_712,tcn,full_safe,3407
2388,2026-04-30,2026-05-19,2427.0,2365.0,2401.0778941263707,12.692946058091286,0.03,2024-06-27,231,-0.025545941491553315,-0.010680719354606238,0,0,0,10,5,chronological_712,tcn,full_safe,3407
2389,2026-05-06,2026-05-20,2391.0,2351.0,2354.5788642847983,12.692946058091286,0.03,2024-06-27,231,-0.01672940192388117,-0.01523259544759581,0,0,0,10,5,chronological_712,tcn,full_safe,3407
2390,2026-05-07,2026-05-21,2377.0,2324.0,2345.596621230201,12.692946058091286,0.03,2024-06-27,231,-0.022297013041649105,-0.013211349924189708,0,0,0,10,5,chronological_712,tcn,full_safe,3407
2391,2026-05-08,2026-05-22,2365.0,2331.0,2312.9035352744067,12.692946058091286,0.03,2024-06-27,231,-0.014376321353065546,-0.022028103478052063,0,0,0,10,5,chronological_712,tcn,full_safe,3407
2392,2026-05-11,2026-05-25,2353.0,2327.0,2321.2152587670207,12.692946058091286,0.03,2024-06-27,231,-0.011049723756906049,-0.013508177319583203,0,0,0,10,5,chronological_712,tcn,full_safe,3407
2393,2026-05-12,2026-05-26,2359.0,2316.0,2330.0368447455767,12.692946058091286,0.03,2024-06-27,231,-0.01822806273844846,-0.012277725839094256,0,0,0,10,5,chronological_712,tcn,full_safe,3407
2394,2026-05-13,2026-05-27,2378.0,2311.0,2367.62010736487,12.692946058091286,0.03,2024-06-27,231,-0.028174936921782967,-0.004364967466413017,0,0,0,10,5,chronological_712,tcn,full_safe,3407
2395,2026-05-14,2026-05-28,2367.0,2310.0,2378.244832425211,12.692946058091286,0.03,2024-06-27,231,-0.02408111533586821,0.004750668536210867,0,1,0,10,5,chronological_712,tcn,full_safe,3407
2396,2026-05-15,2026-05-29,2355.0,2322.0,2367.725582352148,12.692946058091286,0.03,2024-06-27,231,-0.014012738853503182,0.005403644310890909,0,1,0,10,5,chronological_712,tcn,full_safe,3407
2397,2026-05-18,2026-06-01,2353.0,2330.0,2304.7845916955157,12.692946058091286,0.03,2024-06-27,231,-0.009774755631109189,-0.02049103625349946,0,0,0,10,5,chronological_712,tcn,full_safe,3407
2398,2026-05-19,2026-06-02,2365.0,2333.0,2295.235445602084,12.692946058091286,0.03,2024-06-27,231,-0.013530655391120527,-0.029498754502290114,0,0,0,10,5,chronological_712,tcn,full_safe,3407
2399,2026-05-20,2026-06-03,2351.0,2307.0,2282.1271119669436,12.692946058091286,0.03,2024-06-27,231,-0.01871544023819649,-0.02929514590942428,0,0,0,10,5,chronological_712,tcn,full_safe,3407
2400,2026-05-21,2026-06-04,2324.0,2300.0,2276.7657646110874,12.692946058091286,0.03,2024-06-27,231,-0.0103270223752151,-0.0203245419057283,0,0,0,10,5,chronological_712,tcn,full_safe,3407
2401,2026-05-22,2026-06-05,2331.0,2323.0,2281.8995787740023,12.692946058091286,0.03,2024-06-27,231,-0.00343200343200345,-0.0210641017700548,0,0,0,10,5,chronological_712,tcn,full_safe,3407
2402,2026-05-25,2026-06-08,2327.0,2332.0,2254.564044618477,12.692946058091286,0.03,2024-06-27,231,0.0021486892995272733,-0.03112847244586292,1,0,0,10,5,chronological_712,tcn,full_safe,3407
2403,2026-05-26,2026-06-09,2316.0,2339.0,2248.7318839672116,12.692946058091286,0.03,2024-06-27,231,0.00993091537132984,-0.02904495510914873,1,0,0,10,5,chronological_712,tcn,full_safe,3407
2404,2026-05-27,2026-06-10,2311.0,2335.0,2248.3264957570937,12.692946058091286,0.03,2024-06-27,231,0.010385114668974404,-0.027119647011210057,1,0,0,10,5,chronological_712,tcn,full_safe,3407
2405,2026-05-28,2026-06-11,2310.0,2346.0,2251.2546060639943,12.692946058091286,0.03,2024-06-27,231,0.01558441558441559,-0.02543090646580337,1,0,0,10,5,chronological_712,tcn,full_safe,3407
2406,2026-05-29,2026-06-12,2322.0,2351.0,2297.0127377365934,12.692946058091286,0.03,2024-06-27,231,0.01248923341946595,-0.010761094859348286,1,0,0,10,5,chronological_712,tcn,full_safe,3407
2407,2026-06-01,2026-06-15,2330.0,2320.0,2304.279046564705,12.692946058091286,0.03,2024-06-27,231,-0.0042918454935622075,-0.011039035809139564,0,0,0,10,5,chronological_712,tcn,full_safe,3407
2408,2026-06-02,2026-06-16,2333.0,2325.0,2412.939770165849,12.692946058091286,0.03,2024-06-27,231,-0.0034290612944706256,0.03426479647057401,0,1,1,10,5,chronological_712,tcn,full_safe,3407
2409,2026-06-03,2026-06-17,2307.0,2323.0,2469.194149843941,12.692946058091286,0.03,2024-06-27,231,0.00693541395752062,0.07030522316599086,1,1,1,10,5,chronological_712,tcn,full_safe,3407
2410,2026-06-04,2026-06-18,2300.0,2329.0,2657.1332505698083,12.692946058091286,0.03,2024-06-27,231,0.012608695652173818,0.15527532633469932,1,1,1,10,5,chronological_712,tcn,full_safe,3407
2411,2026-06-05,2026-06-22,2323.0,2327.0,2196.7160337364717,12.692946058091286,0.03,2024-06-27,231,0.0017219113215669601,-0.05436244781038668,1,0,0,10,5,chronological_712,tcn,full_safe,3407
2412,2026-06-08,2026-06-23,2332.0,2315.0,3209.165259725938,12.692946058091286,0.03,2024-06-27,231,-0.007289879931389409,0.37614290725812105,0,1,1,10,5,chronological_712,tcn,full_safe,3407
2413,2026-06-09,2026-06-24,2339.0,2326.0,2556.34576729378,12.692946058091286,0.03,2024-06-27,231,-0.0055579307396322886,0.09292251701315957,0,1,1,10,5,chronological_712,tcn,full_safe,3407
2414,2026-06-10,2026-06-25,2335.0,2301.0,2909.005404400421,12.692946058091286,0.03,2024-06-27,231,-0.0145610278372591,0.24582672565328512,0,1,1,10,5,chronological_712,tcn,full_safe,3407
2415,2026-06-11,2026-06-26,2346.0,2323.0,3244.0022556054464,12.692946058091286,0.03,2024-06-27,231,-0.009803921568627416,0.38278016010462346,0,1,1,10,5,chronological_712,tcn,full_safe,3407
